LineId,Pid,Logrecord,Date,Level,Component,ADDR,Content,EventId,EventTemplate
-1.731184998563231,0.9342864839043443,0.7293585095525371,0.0,0.12547522665374639,1.176763326104046,-0.6512349623471219,-0.437852564900843,1.0705779154279094,1.0705779154279094
-1.7294529475391558,0.9342864839043443,0.7293585095525371,0.0,0.12547522665374639,1.176763326104046,-0.6512349623471219,-0.437852564900843,1.0705779154279094,1.0705779154279094
-1.7277208965150805,0.9342864839043443,0.7293585095525371,0.0,0.12547522665374639,1.176763326104046,-0.6512349623471219,-0.437852564900843,1.0705779154279094,1.0705779154279094
-1.7259888454910053,0.9342864839043443,0.7293585095525371,0.0,0.12547522665374639,1.176763326104046,-0.6512349623471219,-0.437852564900843,1.0705779154279094,1.0705779154279094
-1.72425679446693,0.9342864839043443,0.7293585095525371,0.0,0.12547522665374639,1.176763326104046,-0.6512349623471219,-0.437852564900843,1.0705779154279094,1.0705779154279094
-1.7225247434428548,0.9342864839043443,0.7293585095525371,0.0,0.12547522665374639,1.176763326104046,-0.6512349623471219,-0.437852564900843,1.0705779154279094,1.0705779154279094
-1.7207926924187795,-1.0694015388578093,-0.7425477165231992,0.0,0.12547522665374639,-0.6769996676664752,0.17997253097703012,-0.437852564900843,-0.9718022112171607,-0.9718022112171607
-1.7190606413947043,-1.0694015388578093,-0.7425477165231992,0.0,0.12547522665374639,-0.6769996676664752,0.17997253097703012,-0.437852564900843,-0.9718022112171607,-0.9718022112171607
-1.717328590370629,-1.0694015388578093,-0.7425477165231992,0.0,0.12547522665374639,-0.6769996676664752,0.17997253097703012,-0.40029122279731355,-0.9246185119217301,-0.9246185119217301
-1.7155965393465538,0.9342864839043443,0.7293585095525371,0.0,0.12547522665374639,1.176763326104046,-0.6512349623471219,-0.437852564900843,1.0705779154279094,1.0705779154279094
-1.7138644883224785,0.9342864839043443,0.7293585095525371,0.0,0.12547522665374639,1.176763326104046,-0.6512349623471219,-0.437852564900843,1.0705779154279094,1.0705779154279094
-1.712132437298403,-1.0694015388578093,-0.7425477165231992,0.0,0.12547522665374639,-0.42621637417649616,1.906822207030307,2.604616145485044,-0.8369916418016445,-0.8369916418016445
-1.7104003862743278,-1.0694015388578093,-0.7425477165231992,0.0,0.12547522665374639,-0.42621637417649616,1.906822207030307,2.604616145485044,-0.8369916418016445,-0.8369916418016445
-1.7086683352502525,-1.0694015388578093,-0.7425477165231992,0.0,0.12547522665374639,-0.42621637417649616,1.906822207030307,2.604616145485044,-0.8369916418016445,-0.8369916418016445
-1.7069362842261773,0.9342864839043443,0.7293585095525371,0.0,0.12547522665374639,1.176763326104046,-0.6512349623471219,-0.437852564900843,1.0705779154279094,1.0705779154279094
-1.705204233202102,0.9342864839043443,0.7293585095525371,0.0,0.12547522665374639,1.176763326104046,-0.6512349623471219,-0.437852564900843,1.0705779154279094,1.0705779154279094
-1.7034721821780268,0.9342864839043443,0.7293585095525371,0.0,0.12547522665374639,1.176763326104046,-0.6512349623471219,-0.437852564900843,1.0705779154279094,1.0705779154279094
-1.7017401311539515,0.9342864839043443,0.7293585095525371,0.0,0.12547522665374639,1.176763326104046,-0.6512349623471219,-0.437852564900843,1.0705779154279094,1.0705779154279094
-1.7000080801298763,0.9342864839043443,0.7293585095525371,0.0,0.12547522665374639,1.176763326104046,-0.6512349623471219,-0.437852564900843,1.0705779154279094,1.0705779154279094
-1.698276029105801,0.9342864839043443,0.7293585095525371,0.0,0.12547522665374639,1.176763326104046,-0.6512349623471219,-0.437852564900843,1.0705779154279094,1.0705779154279094
-1.6965439780817257,0.934023014078866,0.7293585095525371,0.0,0.12547522665374639,-1.4903508897961373,-0.6447914934066246,-0.437852564900843,-0.9718022112171607,-0.9718022112171607
-1.6948119270576505,0.934023014078866,0.7293585095525371,0.0,0.12547522665374639,1.176763326104046,-0.6447914934066246,-0.437852564900843,-0.8774348126262994,-0.8774348126262994
-1.6930798760335752,-1.0694015388578093,-0.7425477165231992,0.0,0.12547522665374639,-0.6769996676664752,0.17997253097703012,-0.40029122279731355,-0.9223716690981381,-0.9223716690981381
-1.6913478250095,-1.0694015388578093,-0.7425477165231992,0.0,0.12547522665374639,-1.2022889986252152,0.34105925448946267,-0.437852564900843,-0.9718022112171607,-0.9718022112171607
-1.6896157739854247,-1.0694015388578093,-0.7425477165231992,0.0,0.12547522665374639,-0.6769996676664752,-0.6447914934066246,-0.437852564900843,-0.9718022112171607,-0.9718022112171607
-1.6878837229613495,-1.0694015388578093,-0.7425477165231992,0.0,0.12547522665374639,-0.6769996676664752,0.17997253097703012,-0.40029122279731355,-0.9246185119217301,-0.9246185119217301
-1.686151671937274,-1.0694015388578093,-0.7425477165231992,0.0,0.12547522665374639,-0.6769996676664752,0.17997253097703012,-0.40029122279731355,-0.9223716690981381,-0.9223716690981381
-1.6844196209131987,-1.0694015388578093,-0.7425477165231992,0.0,0.12547522665374639,-0.42621637417649616,1.906822207030307,2.604616145485044,-0.8369916418016445,-0.8369916418016445
-1.6826875698891235,-1.0694015388578093,-0.7425477165231992,0.0,0.12547522665374639,-0.42621637417649616,1.906822207030307,2.604616145485044,-0.8369916418016445,-0.8369916418016445
-1.6809555188650482,-1.0694015388578093,-0.7425477165231992,0.0,0.12547522665374639,-0.6769996676664752,-0.6447914934066246,-0.437852564900843,-0.9718022112171607,-0.9718022112171607
-1.679223467840973,-1.0694015388578093,-0.7425477165231992,0.0,0.12547522665374639,-0.42621637417649616,1.906822207030307,2.604616145485044,-0.8369916418016445,-0.8369916418016445
-1.6774914168168977,0.9342864839043443,0.7293585095525371,0.0,0.12547522665374639,1.176763326104046,-0.6512349623471219,-0.437852564900843,1.0705779154279094,1.0705779154279094
-1.6757593657928225,0.9342864839043443,0.7293585095525371,0.0,0.12547522665374639,1.176763326104046,-0.6512349623471219,-0.437852564900843,1.0705779154279094,1.0705779154279094
-1.6740273147687472,-1.0694015388578093,-0.7425477165231992,0.0,0.12547522665374639,-1.3615702796256073,1.906822207030307,0.08800622454856954,-0.9875301109823043,-0.9875301109823043
-1.672295263744672,-1.0694015388578093,-0.7425477165231992,0.0,0.12547522665374639,-1.3615702796256073,1.906822207030307,-0.13736182807260727,-0.9875301109823043,-0.9875301109823043
-1.6705632127205967,-1.0694015388578093,-0.7425477165231992,0.0,0.12547522665374639,-1.3615702796256073,1.906822207030307,-0.13736182807260727,-0.9875301109823043,-0.9875301109823043
-1.6688311616965215,-1.0694015388578093,-0.7425477165231992,0.0,0.12547522665374639,-1.3615702796256073,1.906822207030307,0.08800622454856954,-0.9875301109823043,-0.9875301109823043
-1.6670991106724462,-1.0694015388578093,-0.7425477165231992,0.0,0.12547522665374639,-0.42621637417649616,1.906822207030307,2.604616145485044,-0.8369916418016445,-0.8369916418016445
-1.665367059648371,-1.0694015388578093,-0.7425477165231992,0.0,0.12547522665374639,-0.42621637417649616,1.906822207030307,2.604616145485044,-0.8369916418016445,-0.8369916418016445
-1.6636350086242957,-1.0694015388578093,-0.7425477165231992,0.0,0.12547522665374639,-0.42621637417649616,1.906822207030307,2.604616145485044,-0.8369916418016445,-0.8369916418016445
-1.6619029576002204,0.9375359450852429,0.7293585095525371,0.0,0.12547522665374639,-0.8600036926456492,-0.6512349623471219,-0.437852564900843,1.0705779154279094,1.0705779154279094
-1.660170906576145,0.9375359450852429,0.7293585095525371,0.0,0.12547522665374639,-0.8600036926456492,0.34105925448946267,-0.437852564900843,1.0705779154279094,1.0705779154279094
-1.6584388555520697,0.937799414910721,0.7293585095525371,0.0,0.12547522665374639,-0.8600036926456492,-0.6512349623471219,-0.437852564900843,1.0705779154279094,1.0705779154279094
-1.6567068045279945,0.938414177836837,0.7293585095525371,0.0,0.12547522665374639,-0.8600036926456492,-0.6512349623471219,-0.437852564900843,1.0705779154279094,1.0705779154279094
-1.6549747535039192,0.9342864839043443,0.7293585095525371,0.0,0.12547522665374639,1.176763326104046,-0.6190176176446354,-0.437852564900843,-0.9718022112171607,-0.9718022112171607
-1.653242702479844,0.938414177836837,0.7293585095525371,0.0,0.12547522665374639,-0.8600036926456492,0.34105925448946267,-0.437852564900843,1.0705779154279094,1.0705779154279094
-1.6515106514557687,-1.0694015388578093,-0.7425477165231992,0.0,0.12547522665374639,-0.6769996676664752,-0.6190176176446354,-0.437852564900843,-0.9718022112171607,-0.9718022112171607
-1.6497786004316934,-1.0694015388578093,-0.7425477165231992,0.0,0.12547522665374639,-1.2022889986252152,0.34105925448946267,-0.437852564900843,-0.9718022112171607,-0.9718022112171607
-1.6480465494076182,0.9342864839043443,0.7293585095525371,0.0,0.12547522665374639,1.176763326104046,-0.6512349623471219,-0.437852564900843,1.0705779154279094,1.0705779154279094
-1.646314498383543,0.9376237683604023,0.7293585095525371,0.0,0.12547522665374639,-0.8600036926456492,-0.6512349623471219,-0.437852564900843,1.0705779154279094,1.0705779154279094
-1.6445824473594677,-1.0694015388578093,-0.7425477165231992,0.0,0.12547522665374639,-1.2022889986252152,-0.6190176176446354,-0.437852564900843,-0.9740490540407526,-0.9740490540407526
-1.6428503963353924,-1.0694015388578093,-0.7425477165231992,0.0,0.12547522665374639,-1.2022889986252152,-0.6190176176446354,-0.437852564900843,-0.9740490540407526,-0.9740490540407526
-1.6411183453113172,-1.0694015388578093,-0.7425477165231992,0.0,0.12547522665374639,-0.6769996676664752,-0.6190176176446354,-0.437852564900843,-0.9740490540407526,-0.9740490540407526
-1.639386294287242,0.9342864839043443,0.7293585095525371,0.0,0.12547522665374639,1.176763326104046,-0.6512349623471219,-0.437852564900843,1.0705779154279094,1.0705779154279094
-1.6376542432631667,-1.0694015388578093,-0.7425477165231992,0.0,0.12547522665374639,-0.6769996676664752,-0.6190176176446354,-0.437852564900843,-0.9740490540407526,-0.9740490540407526
-1.6359221922390914,0.9342864839043443,0.7293585095525371,0.0,0.12547522665374639,1.176763326104046,-0.6512349623471219,-0.437852564900843,1.0705779154279094,1.0705779154279094
-1.634190141215016,-1.0694015388578093,-0.7425477165231992,0.0,-7.969700686491185,-0.42621637417649616,1.906822207030307,0.6514263561015116,-0.9538274686284252,-0.9538274686284252
-1.6324580901909407,-1.0694015388578093,-0.7425477165231992,0.0,0.12547522665374639,-0.42621637417649616,1.906822207030307,0.6514263561015116,-0.9538274686284252,-0.9538274686284252
-1.6307260391668654,-1.0694015388578093,-0.7425477165231992,0.0,0.12547522665374639,-0.42621637417649616,1.906822207030307,0.31337427716974636,-0.9740490540407526,-0.9740490540407526
-1.6289939881427902,0.9342864839043443,0.7293585095525371,0.0,0.12547522665374639,-1.4937398532216775,-0.6447914934066246,0.31337427716974636,-0.9740490540407526,-0.9740490540407526
-1.627261937118715,0.9342864839043443,0.7293585095525371,0.0,0.12547522665374639,1.176763326104046,-0.6447914934066246,-0.437852564900843,-0.8774348126262994,-0.8774348126262994
-1.6255298860946397,0.9342864839043443,0.7293585095525371,0.0,0.12547522665374639,1.176763326104046,-0.5803568040016515,-0.437852564900843,-0.8774348126262994,-0.8774348126262994
-1.6237978350705644,0.9342864839043443,0.7293585095525371,0.0,0.12547522665374639,1.176763326104046,-0.6512349623471219,-0.437852564900843,1.0705779154279094,1.0705779154279094
-1.6220657840464892,-1.0694015388578093,-0.7425477165231992,0.0,0.12547522665374639,-0.9955622296672595,-0.5803568040016515,-0.437852564900843,-0.9740490540407526,-0.9740490540407526
-1.620333733022414,-1.0694015388578093,-0.7425477165231992,0.0,0.12547522665374639,-0.9955622296672595,-0.5803568040016515,-0.437852564900843,-0.9740490540407526,-0.9740490540407526
-1.6186016819983386,-1.0694015388578093,-0.7425477165231992,0.0,0.12547522665374639,-0.9955622296672595,-0.5803568040016515,-0.437852564900843,-0.9740490540407526,-0.9740490540407526
-1.6168696309742634,-1.0694015388578093,-0.7425477165231992,0.0,0.12547522665374639,-0.9955622296672595,-0.5803568040016515,-0.437852564900843,-0.9740490540407526,-0.9740490540407526
-1.6151375799501881,-1.0694015388578093,-0.7425477165231992,0.0,0.12547522665374639,-0.9955622296672595,-0.5803568040016515,-0.437852564900843,-0.9740490540407526,-0.9740490540407526
-1.6134055289261129,-1.0694015388578093,-0.7425477165231992,0.0,0.12547522665374639,-0.9955622296672595,-0.5803568040016515,-0.437852564900843,-0.9740490540407526,-0.9740490540407526
-1.6116734779020376,-1.0694015388578093,-0.7425477165231992,0.0,0.12547522665374639,-0.9955622296672595,-0.5803568040016515,-0.437852564900843,-0.9740490540407526,-0.9740490540407526
-1.6099414268779624,-1.0694015388578093,-0.7425477165231992,0.0,0.12547522665374639,-0.9955622296672595,-0.5803568040016515,-0.437852564900843,-0.9740490540407526,-0.9740490540407526
-1.6082093758538871,0.9342864839043443,0.7293585095525371,0.0,0.12547522665374639,1.176763326104046,-0.6512349623471219,-0.437852564900843,1.0705779154279094,1.0705779154279094
-1.6064773248298116,0.9342864839043443,0.7293585095525371,0.0,0.12547522665374639,1.176763326104046,-0.6512349623471219,-0.437852564900843,1.0705779154279094,1.0705779154279094
-1.6047452738057364,-1.0694015388578093,-0.7425477165231992,0.0,0.12547522665374639,-1.2022889986252152,-0.5803568040016515,-0.437852564900843,-0.9740490540407526,-0.9740490540407526
-1.6030132227816611,0.9342864839043443,0.7293585095525371,0.0,0.12547522665374639,1.176763326104046,-0.6512349623471219,-0.437852564900843,1.0705779154279094,1.0705779154279094
-1.6012811717575859,-1.0694015388578093,-0.7425477165231992,0.0,0.12547522665374639,-0.6769996676664752,0.34105925448946267,-0.437852564900843,-0.9740490540407526,-0.9740490540407526
-1.5995491207335106,0.9342864839043443,0.7293585095525371,0.0,0.12547522665374639,1.176763326104046,-0.6512349623471219,-0.437852564900843,1.0705779154279094,1.0705779154279094
-1.5978170697094354,0.9342864839043443,0.7293585095525371,0.0,0.12547522665374639,1.176763326104046,-0.6512349623471219,-0.437852564900843,1.0705779154279094,1.0705779154279094
-1.5960850186853601,0.9342864839043443,0.7293585095525371,0.0,0.12547522665374639,1.176763326104046,-0.6512349623471219,-0.437852564900843,1.0705779154279094,1.0705779154279094
-1.5943529676612849,0.9342864839043443,0.7293585095525371,0.0,0.12547522665374639,1.176763326104046,-0.6512349623471219,-0.437852564900843,1.0705779154279094,1.0705779154279094
-1.5926209166372096,0.9342864839043443,0.7293585095525371,0.0,0.12547522665374639,1.176763326104046,-0.6512349623471219,-0.437852564900843,1.0705779154279094,1.0705779154279094
-1.5908888656131344,0.9342864839043443,0.7293585095525371,0.0,0.12547522665374639,1.176763326104046,-0.6512349623471219,-0.437852564900843,1.0705779154279094,1.0705779154279094
-1.589156814589059,0.9342864839043443,0.7293585095525371,0.0,0.12547522665374639,1.176763326104046,-0.6512349623471219,-0.437852564900843,1.0705779154279094,1.0705779154279094
-1.5874247635649839,0.9342864839043443,0.7293585095525371,0.0,0.12547522665374639,1.176763326104046,-0.6512349623471219,-0.437852564900843,1.0705779154279094,1.0705779154279094
-1.5856927125409086,0.9342864839043443,0.7293585095525371,0.0,0.12547522665374639,1.176763326104046,-0.6512349623471219,-0.437852564900843,1.0705779154279094,1.0705779154279094
-1.5839606615168333,0.9342864839043443,0.7293585095525371,0.0,0.12547522665374639,1.176763326104046,-0.6512349623471219,-0.437852564900843,1.0705779154279094,1.0705779154279094
-1.582228610492758,0.9342864839043443,0.7293585095525371,0.0,0.12547522665374639,1.176763326104046,-0.6512349623471219,-0.437852564900843,1.0705779154279094,1.0705779154279094
-1.5804965594686826,0.9342864839043443,0.7293585095525371,0.0,0.12547522665374639,1.176763326104046,-0.6512349623471219,-0.437852564900843,1.0705779154279094,1.0705779154279094
-1.5787645084446074,0.9342864839043443,0.7293585095525371,0.0,0.12547522665374639,1.176763326104046,-0.6512349623471219,-0.437852564900843,1.0705779154279094,1.0705779154279094
-1.577032457420532,0.9342864839043443,0.7293585095525371,0.0,0.12547522665374639,1.176763326104046,-0.6512349623471219,-0.437852564900843,1.0705779154279094,1.0705779154279094
-1.5753004063964569,0.9342864839043443,0.7293585095525371,0.0,0.12547522665374639,1.176763326104046,-0.6512349623471219,-0.437852564900843,1.0705779154279094,1.0705779154279094
-1.5735683553723816,-1.0694015388578093,-0.7425477165231992,0.0,0.12547522665374639,-0.6769996676664752,0.17997253097703012,-0.437852564900843,-0.9718022112171607,-0.9718022112171607
-1.5718363043483063,-1.0694015388578093,-0.7425477165231992,0.0,0.12547522665374639,-0.6769996676664752,0.17997253097703012,-0.437852564900843,-0.9718022112171607,-0.9718022112171607
-1.570104253324231,-1.0694015388578093,-0.7425477165231992,0.0,0.12547522665374639,-0.6769996676664752,0.17997253097703012,-0.40029122279731355,-0.9246185119217301,-0.9246185119217301
-1.5683722023001558,0.9342864839043443,0.7293585095525371,0.0,0.12547522665374639,1.176763326104046,-0.6512349623471219,-0.437852564900843,1.0705779154279094,1.0705779154279094
-1.5666401512760806,-1.0694015388578093,-0.7425477165231992,0.0,0.12547522665374639,-0.42621637417649616,1.906822207030307,2.604616145485044,-0.8369916418016445,-0.8369916418016445
-1.5649081002520053,-1.0694015388578093,-0.7425477165231992,0.0,0.12547522665374639,-0.42621637417649616,1.906822207030307,2.604616145485044,-0.8369916418016445,-0.8369916418016445
-1.56317604922793,0.9342864839043443,0.7293585095525371,0.0,0.12547522665374639,1.176763326104046,-0.6512349623471219,-0.437852564900843,1.0705779154279094,1.0705779154279094
-1.5614439982038548,-1.0694015388578093,-0.7425477165231992,0.0,0.12547522665374639,-0.42621637417649616,1.906822207030307,2.604616145485044,-0.8369916418016445,-0.8369916418016445
-1.5597119471797796,0.9342864839043443,0.7293585095525371,0.0,0.12547522665374639,1.176763326104046,-0.6512349623471219,-0.437852564900843,1.0705779154279094,1.0705779154279094
-1.5579798961557043,0.9342864839043443,0.7293585095525371,0.0,0.12547522665374639,1.176763326104046,-0.6512349623471219,-0.437852564900843,1.0705779154279094,1.0705779154279094
-1.556247845131629,0.9342864839043443,0.7293585095525371,0.0,0.12547522665374639,1.176763326104046,-0.6512349623471219,-0.437852564900843,1.0705779154279094,1.0705779154279094
-1.5545157941075536,0.9342864839043443,0.7293585095525371,0.0,0.12547522665374639,1.176763326104046,-0.6512349623471219,-0.437852564900843,1.0705779154279094,1.0705779154279094
-1.5527837430834783,0.9342864839043443,0.7293585095525371,0.0,0.12547522665374639,1.176763326104046,-0.6512349623471219,-0.437852564900843,1.0705779154279094,1.0705779154279094
-1.551051692059403,0.9342864839043443,0.7293585095525371,0.0,0.12547522665374639,1.176763326104046,-0.6512349623471219,-0.437852564900843,1.0705779154279094,1.0705779154279094
-1.5493196410353278,-1.0694015388578093,-0.7425477165231992,0.0,0.12547522665374639,-0.42621637417649616,1.906822207030307,2.604616145485044,-0.8369916418016445,-0.8369916418016445
-1.5475875900112526,-1.0694015388578093,-0.7425477165231992,0.0,0.12547522665374639,-0.42621637417649616,1.906822207030307,2.604616145485044,-0.8369916418016445,-0.8369916418016445
-1.5458555389871773,-1.0694015388578093,-0.7425477165231992,0.0,0.12547522665374639,-0.42621637417649616,1.906822207030307,2.604616145485044,-0.8369916418016445,-0.8369916418016445
-1.544123487963102,0.9342864839043443,0.7293585095525371,0.0,0.12547522665374639,1.176763326104046,-0.6512349623471219,-0.437852564900843,1.0705779154279094,1.0705779154279094
-1.5423914369390268,0.9342864839043443,0.7293585095525371,0.0,0.12547522665374639,1.176763326104046,-0.6512349623471219,-0.437852564900843,1.0705779154279094,1.0705779154279094
-1.5406593859149516,0.934023014078866,0.7293585095525371,0.0,0.12547522665374639,-1.4903508897961373,-0.6447914934066246,-0.437852564900843,-0.9718022112171607,-0.9718022112171607
-1.5389273348908763,0.934023014078866,0.7293585095525371,0.0,0.12547522665374639,1.176763326104046,-0.6447914934066246,-0.437852564900843,-0.8774348126262994,-0.8774348126262994
-1.537195283866801,-1.0694015388578093,-0.7425477165231992,0.0,0.12547522665374639,-0.6769996676664752,0.17997253097703012,-0.40029122279731355,-0.9223716690981381,-0.9223716690981381
-1.5354632328427258,-1.0694015388578093,-0.7425477165231992,0.0,0.12547522665374639,-1.2022889986252152,0.34105925448946267,-0.437852564900843,-0.9718022112171607,-0.9718022112171607
-1.5337311818186505,-1.0694015388578093,-0.7425477165231992,0.0,0.12547522665374639,-0.6769996676664752,-0.5803568040016515,-0.437852564900843,-0.9718022112171607,-0.9718022112171607
-1.5319991307945753,-1.0694015388578093,-0.7425477165231992,0.0,0.12547522665374639,-0.6769996676664752,0.17997253097703012,-0.40029122279731355,-0.9246185119217301,-0.9246185119217301
-1.5302670797705,-1.0694015388578093,-0.7425477165231992,0.0,0.12547522665374639,-0.6769996676664752,0.17997253097703012,-0.40029122279731355,-0.9223716690981381,-0.9223716690981381
-1.5285350287464246,-1.0694015388578093,-0.7425477165231992,0.0,0.12547522665374639,-0.6769996676664752,-0.5803568040016515,-0.437852564900843,-0.9718022112171607,-0.9718022112171607
-1.5268029777223493,0.9342864839043443,0.7293585095525371,0.0,0.12547522665374639,1.176763326104046,-0.6512349623471219,-0.437852564900843,1.0705779154279094,1.0705779154279094
-1.525070926698274,0.9342864839043443,0.7293585095525371,0.0,0.12547522665374639,1.176763326104046,-0.6512349623471219,-0.437852564900843,1.0705779154279094,1.0705779154279094
-1.5233388756741988,-1.0694015388578093,-0.7425477165231992,0.0,0.12547522665374639,-0.42621637417649616,1.906822207030307,2.604616145485044,-0.8369916418016445,-0.8369916418016445
-1.5216068246501235,-1.0694015388578093,-0.7425477165231992,0.0,0.12547522665374639,-0.42621637417649616,1.906822207030307,2.604616145485044,-0.8369916418016445,-0.8369916418016445
-1.5198747736260483,-1.0694015388578093,-0.7425477165231992,0.0,0.12547522665374639,-0.42621637417649616,1.906822207030307,2.604616145485044,-0.8369916418016445,-0.8369916418016445
-1.518142722601973,0.956417949244518,-11.474714372791954,0.0,0.12547522665374639,-1.541185341179241,-0.6512349623471219,-0.40029122279731355,-1.0167390676889994,-1.0167390676889994
-1.5164106715778978,0.9375359450852429,0.7293585095525371,0.0,0.12547522665374639,-0.8600036926456492,-0.6512349623471219,-0.437852564900843,1.0705779154279094,1.0705779154279094
-1.5146786205538225,0.9375359450852429,0.7293585095525371,0.0,0.12547522665374639,-0.8600036926456492,0.34105925448946267,-0.437852564900843,1.0705779154279094,1.0705779154279094
-1.5129465695297473,0.9369211821591269,0.7293585095525371,0.0,0.12547522665374639,-0.8600036926456492,-0.6512349623471219,-0.437852564900843,1.0705779154279094,1.0705779154279094
-1.511214518505672,0.9369211821591269,0.7293585095525371,0.0,0.12547522665374639,-0.8600036926456492,0.34105925448946267,-0.437852564900843,1.0705779154279094,1.0705779154279094
-1.5094824674815968,0.9370968287094458,0.7293585095525371,0.0,0.12547522665374639,-0.8600036926456492,-0.6512349623471219,-0.437852564900843,1.0705779154279094,1.0705779154279094
-1.5077504164575215,0.9389411174877935,0.7293585095525371,0.0,0.12547522665374639,-0.8600036926456492,-0.6512349623471219,-0.437852564900843,1.0705779154279094,1.0705779154279094
-1.5060183654334462,0.9389411174877935,0.7293585095525371,0.0,0.12547522665374639,-0.8600036926456492,0.34105925448946267,-0.437852564900843,1.0705779154279094,1.0705779154279094
-1.504286314409371,0.9389411174877935,0.7293585095525371,0.0,0.12547522665374639,-0.8600036926456492,0.34105925448946267,-0.437852564900843,1.0705779154279094,1.0705779154279094
-1.5025542633852955,0.9389411174877935,0.7293585095525371,0.0,0.12547522665374639,-0.8600036926456492,0.34105925448946267,-0.437852564900843,1.0705779154279094,1.0705779154279094
-1.5008222123612203,0.9369211821591269,0.7293585095525371,0.0,0.12547522665374639,-0.8600036926456492,0.34105925448946267,-0.437852564900843,1.0705779154279094,1.0705779154279094
-1.499090161337145,0.9369211821591269,0.7293585095525371,0.0,0.12547522665374639,-0.8600036926456492,0.34105925448946267,-0.437852564900843,1.0705779154279094,1.0705779154279094
-1.4973581103130698,0.9342864839043443,0.7293585095525371,0.0,0.12547522665374639,1.176763326104046,-0.6190176176446354,-0.437852564900843,-0.9718022112171607,-0.9718022112171607
-1.4956260592889945,-1.0694015388578093,-0.7425477165231992,0.0,0.12547522665374639,-0.6769996676664752,-0.6190176176446354,-0.437852564900843,-0.9718022112171607,-0.9718022112171607
-1.4938940082649192,0.9385898243871559,0.7293585095525371,0.0,0.12547522665374639,-0.8600036926456492,-0.6512349623471219,-0.437852564900843,1.0705779154279094,1.0705779154279094
-1.492161957240844,0.9342864839043443,0.7293585095525371,0.0,0.12547522665374639,1.176763326104046,-0.6512349623471219,-0.437852564900843,1.0705779154279094,1.0705779154279094
-1.4904299062167687,-1.0694015388578093,-0.7425477165231992,0.0,0.12547522665374639,-0.6769996676664752,1.906822207030307,-0.437852564900843,-1.0189859105125914,-1.0189859105125914
-1.4886978551926935,-1.0694015388578093,-0.7425477165231992,0.0,0.12547522665374639,-1.2022889986252152,0.34105925448946267,-0.437852564900843,-0.9718022112171607,-0.9718022112171607
-1.4869658041686182,-1.0694015388578093,-0.7425477165231992,0.0,0.12547522665374639,-1.2022889986252152,-0.6190176176446354,-0.437852564900843,-0.9740490540407526,-0.9740490540407526
-1.485233753144543,-1.0694015388578093,-0.7425477165231992,0.0,0.12547522665374639,-1.2022889986252152,-0.6190176176446354,-0.437852564900843,-0.9740490540407526,-0.9740490540407526
-1.4835017021204677,-1.0694015388578093,-0.7425477165231992,0.0,0.12547522665374639,-0.6769996676664752,-0.6190176176446354,-0.437852564900843,-0.9740490540407526,-0.9740490540407526
-1.4817696510963925,0.9342864839043443,0.7293585095525371,0.0,0.12547522665374639,1.176763326104046,-0.6512349623471219,-0.437852564900843,1.0705779154279094,1.0705779154279094
-1.4800376000723172,-1.0694015388578093,-0.7425477165231992,0.0,0.12547522665374639,-0.6769996676664752,-0.6190176176446354,-0.437852564900843,-0.9740490540407526,-0.9740490540407526
-1.478305549048242,-1.0694015388578093,-0.7425477165231992,0.0,-7.969700686491185,-0.42621637417649616,1.906822207030307,0.6514263561015116,-0.9538274686284252,-0.9538274686284252
-1.4765734980241665,-1.0694015388578093,-0.7425477165231992,0.0,0.12547522665374639,-0.42621637417649616,1.906822207030307,0.6514263561015116,-0.9538274686284252,-0.9538274686284252
-1.4748414470000912,-1.0694015388578093,-0.7425477165231992,0.0,0.12547522665374639,-0.42621637417649616,1.906822207030307,0.31337427716974636,-0.9740490540407526,-0.9740490540407526
-1.473109395976016,0.9342864839043443,0.7293585095525371,0.0,0.12547522665374639,1.176763326104046,-0.6512349623471219,-0.437852564900843,1.0705779154279094,1.0705779154279094
-1.4713773449519407,0.9342864839043443,0.7293585095525371,0.0,0.12547522665374639,-1.4937398532216775,-0.6447914934066246,0.31337427716974636,-0.9740490540407526,-0.9740490540407526
-1.4696452939278655,0.9342864839043443,0.7293585095525371,0.0,0.12547522665374639,1.176763326104046,-0.6447914934066246,-0.437852564900843,-0.8774348126262994,-0.8774348126262994
-1.4679132429037902,0.9342864839043443,0.7293585095525371,0.0,0.12547522665374639,1.176763326104046,-0.5803568040016515,-0.437852564900843,-0.8774348126262994,-0.8774348126262994
-1.466181191879715,0.9342864839043443,0.7293585095525371,0.0,0.12547522665374639,1.176763326104046,-0.6512349623471219,-0.437852564900843,1.0705779154279094,1.0705779154279094
-1.4644491408556397,-1.0694015388578093,-0.7425477165231992,0.0,0.12547522665374639,-0.9955622296672595,-0.5803568040016515,-0.437852564900843,-0.9740490540407526,-0.9740490540407526
-1.4627170898315645,-1.0694015388578093,-0.7425477165231992,0.0,0.12547522665374639,-0.9955622296672595,-0.5803568040016515,-0.437852564900843,-0.9740490540407526,-0.9740490540407526
-1.4609850388074892,-1.0694015388578093,-0.7425477165231992,0.0,0.12547522665374639,-0.9955622296672595,-0.5803568040016515,-0.437852564900843,-0.9740490540407526,-0.9740490540407526
-1.459252987783414,-1.0694015388578093,-0.7425477165231992,0.0,0.12547522665374639,-0.9955622296672595,-0.5803568040016515,-0.437852564900843,-0.9740490540407526,-0.9740490540407526
-1.4575209367593387,-1.0694015388578093,-0.7425477165231992,0.0,0.12547522665374639,-0.9955622296672595,-0.5803568040016515,-0.437852564900843,-0.9740490540407526,-0.9740490540407526
-1.4557888857352634,-1.0694015388578093,-0.7425477165231992,0.0,0.12547522665374639,-0.9955622296672595,-0.5803568040016515,-0.437852564900843,-0.9740490540407526,-0.9740490540407526
-1.4540568347111882,-1.0694015388578093,-0.7425477165231992,0.0,0.12547522665374639,-0.9955622296672595,-0.5803568040016515,-0.437852564900843,-0.9740490540407526,-0.9740490540407526
-1.452324783687113,-1.0694015388578093,-0.7425477165231992,0.0,0.12547522665374639,-0.9955622296672595,-0.5803568040016515,-0.437852564900843,-0.9740490540407526,-0.9740490540407526
-1.4505927326630375,0.9342864839043443,0.7293585095525371,0.0,0.12547522665374639,1.176763326104046,-0.6512349623471219,-0.437852564900843,1.0705779154279094,1.0705779154279094
-1.4488606816389622,-1.0694015388578093,-0.7425477165231992,0.0,0.12547522665374639,-1.3615702796256073,1.906822207030307,0.08800622454856954,-0.9875301109823043,-0.9875301109823043
-1.447128630614887,0.9342864839043443,0.7293585095525371,0.0,0.12547522665374639,1.176763326104046,-0.6512349623471219,-0.437852564900843,1.0705779154279094,1.0705779154279094
-1.4453965795908117,-1.0694015388578093,-0.7425477165231992,0.0,0.12547522665374639,-1.3615702796256073,1.906822207030307,-0.13736182807260727,-0.9875301109823043,-0.9875301109823043
-1.4436645285667364,-1.0694015388578093,-0.7425477165231992,0.0,0.12547522665374639,-1.3615702796256073,1.906822207030307,-0.13736182807260727,-0.9875301109823043,-0.9875301109823043
-1.4419324775426612,-1.0694015388578093,-0.7425477165231992,0.0,0.12547522665374639,-1.2022889986252152,-0.5803568040016515,-0.437852564900843,-0.9740490540407526,-0.9740490540407526
-1.440200426518586,-1.0694015388578093,-0.7425477165231992,0.0,0.12547522665374639,-1.3615702796256073,1.906822207030307,0.08800622454856954,-0.9875301109823043,-0.9875301109823043
-1.4384683754945107,0.9342864839043443,0.7293585095525371,0.0,0.12547522665374639,1.176763326104046,-0.6512349623471219,-0.437852564900843,1.0705779154279094,1.0705779154279094
-1.4367363244704354,-1.0694015388578093,-0.7425477165231992,0.0,0.12547522665374639,-0.6769996676664752,0.34105925448946267,-0.437852564900843,-0.9740490540407526,-0.9740490540407526
-1.4350042734463602,0.9342864839043443,0.7293585095525371,0.0,0.12547522665374639,1.176763326104046,-0.6512349623471219,-0.437852564900843,1.0705779154279094,1.0705779154279094
-1.433272222422285,0.9342864839043443,0.7293585095525371,0.0,0.12547522665374639,1.176763326104046,-0.6512349623471219,-0.437852564900843,1.0705779154279094,1.0705779154279094
-1.4315401713982097,0.9342864839043443,0.7293585095525371,0.0,0.12547522665374639,1.176763326104046,-0.6512349623471219,-0.437852564900843,1.0705779154279094,1.0705779154279094
-1.4298081203741344,0.9342864839043443,0.7293585095525371,0.0,0.12547522665374639,1.176763326104046,-0.6512349623471219,-0.437852564900843,1.0705779154279094,1.0705779154279094
-1.4280760693500592,0.9342864839043443,0.7293585095525371,0.0,0.12547522665374639,1.176763326104046,-0.6512349623471219,-0.437852564900843,1.0705779154279094,1.0705779154279094
-1.426344018325984,0.9342864839043443,0.7293585095525371,0.0,0.12547522665374639,1.176763326104046,-0.6512349623471219,-0.437852564900843,1.0705779154279094,1.0705779154279094
-1.4246119673019084,0.9342864839043443,0.7293585095525371,0.0,0.12547522665374639,1.176763326104046,-0.6512349623471219,-0.437852564900843,1.0705779154279094,1.0705779154279094
-1.4228799162778332,0.9342864839043443,0.7293585095525371,0.0,0.12547522665374639,1.176763326104046,-0.6512349623471219,-0.437852564900843,1.0705779154279094,1.0705779154279094
-1.421147865253758,0.9342864839043443,0.7293585095525371,0.0,0.12547522665374639,1.176763326104046,-0.6512349623471219,-0.437852564900843,1.0705779154279094,1.0705779154279094
-1.4194158142296827,0.9342864839043443,0.7293585095525371,0.0,0.12547522665374639,1.176763326104046,-0.6512349623471219,-0.437852564900843,1.0705779154279094,1.0705779154279094
-1.4176837632056074,0.9342864839043443,0.7293585095525371,0.0,0.12547522665374639,1.176763326104046,-0.6512349623471219,-0.437852564900843,1.0705779154279094,1.0705779154279094
-1.4159517121815322,0.9342864839043443,0.7293585095525371,0.0,0.12547522665374639,1.176763326104046,-0.6512349623471219,-0.437852564900843,1.0705779154279094,1.0705779154279094
-1.414219661157457,0.9342864839043443,0.7293585095525371,0.0,0.12547522665374639,1.176763326104046,-0.6512349623471219,-0.437852564900843,1.0705779154279094,1.0705779154279094
-1.4124876101333816,-1.0694015388578093,-0.7425477165231992,0.0,0.12547522665374639,-0.42621637417649616,1.906822207030307,2.604616145485044,-0.8369916418016445,-0.8369916418016445
-1.4107555591093064,-1.0694015388578093,-0.7425477165231992,0.0,0.12547522665374639,-0.42621637417649616,1.906822207030307,2.604616145485044,-0.8369916418016445,-0.8369916418016445
-1.4090235080852311,-1.0694015388578093,-0.7425477165231992,0.0,0.12547522665374639,-0.42621637417649616,1.906822207030307,2.604616145485044,-0.8369916418016445,-0.8369916418016445
-1.4072914570611559,0.9342864839043443,0.7293585095525371,0.0,0.12547522665374639,1.176763326104046,-0.6512349623471219,-0.437852564900843,1.0705779154279094,1.0705779154279094
-1.4055594060370806,0.9342864839043443,0.7293585095525371,0.0,0.12547522665374639,1.176763326104046,-0.6512349623471219,-0.437852564900843,1.0705779154279094,1.0705779154279094
-1.4038273550130054,-1.0694015388578093,-0.7425477165231992,0.0,0.12547522665374639,-0.6769996676664752,0.17997253097703012,-0.437852564900843,-0.9718022112171607,-0.9718022112171607
-1.4020953039889301,-1.0694015388578093,-0.7425477165231992,0.0,0.12547522665374639,-0.6769996676664752,0.17997253097703012,-0.437852564900843,-0.9718022112171607,-0.9718022112171607
-1.4003632529648549,-1.0694015388578093,-0.7425477165231992,0.0,0.12547522665374639,-0.6769996676664752,0.17997253097703012,-0.40029122279731355,-0.9246185119217301,-0.9246185119217301
-1.3986312019407794,0.9342864839043443,0.7293585095525371,0.0,0.12547522665374639,1.176763326104046,-0.6512349623471219,-0.437852564900843,1.0705779154279094,1.0705779154279094
-1.3968991509167041,0.9342864839043443,0.7293585095525371,0.0,0.12547522665374639,1.176763326104046,-0.6512349623471219,-0.437852564900843,1.0705779154279094,1.0705779154279094
-1.3951670998926289,0.9342864839043443,0.7293585095525371,0.0,0.12547522665374639,1.176763326104046,-0.6512349623471219,-0.437852564900843,1.0705779154279094,1.0705779154279094
-1.3934350488685536,0.9342864839043443,0.7293585095525371,0.0,0.12547522665374639,1.176763326104046,-0.6512349623471219,-0.437852564900843,1.0705779154279094,1.0705779154279094
-1.3917029978444784,0.9342864839043443,0.7293585095525371,0.0,0.12547522665374639,1.176763326104046,-0.6512349623471219,-0.437852564900843,1.0705779154279094,1.0705779154279094
-1.3899709468204031,-1.0694015388578093,-0.7425477165231992,0.0,0.12547522665374639,-0.42621637417649616,1.906822207030307,2.604616145485044,-0.8369916418016445,-0.8369916418016445
-1.3882388957963279,-1.0694015388578093,-0.7425477165231992,0.0,0.12547522665374639,-0.42621637417649616,1.906822207030307,2.604616145485044,-0.8369916418016445,-0.8369916418016445
-1.3865068447722526,-1.0694015388578093,-0.7425477165231992,0.0,0.12547522665374639,-0.42621637417649616,1.906822207030307,2.604616145485044,-0.8369916418016445,-0.8369916418016445
-1.3847747937481774,0.9342864839043443,0.7293585095525371,0.0,0.12547522665374639,1.176763326104046,-0.6512349623471219,-0.437852564900843,1.0705779154279094,1.0705779154279094
-1.383042742724102,0.9342864839043443,0.7293585095525371,0.0,0.12547522665374639,1.176763326104046,-0.6512349623471219,-0.437852564900843,1.0705779154279094,1.0705779154279094
-1.3813106917000268,0.9342864839043443,0.7293585095525371,0.0,0.12547522665374639,1.176763326104046,-0.6512349623471219,-0.437852564900843,1.0705779154279094,1.0705779154279094
-1.3795786406759516,0.934023014078866,0.7293585095525371,0.0,0.12547522665374639,-1.4903508897961373,-0.6447914934066246,-0.437852564900843,-0.9718022112171607,-0.9718022112171607
-1.3778465896518763,0.934023014078866,0.7293585095525371,0.0,0.12547522665374639,1.176763326104046,-0.6447914934066246,-0.437852564900843,-0.8774348126262994,-0.8774348126262994
-1.376114538627801,-1.0694015388578093,-0.7425477165231992,0.0,0.12547522665374639,-0.6769996676664752,0.17997253097703012,-0.40029122279731355,-0.9223716690981381,-0.9223716690981381
-1.3743824876037258,-1.0694015388578093,-0.7425477165231992,0.0,0.12547522665374639,-1.2022889986252152,0.34105925448946267,-0.437852564900843,-0.9718022112171607,-0.9718022112171607
-1.3726504365796504,-1.0694015388578093,-0.7425477165231992,0.0,0.12547522665374639,-0.6769996676664752,-0.5803568040016515,-0.437852564900843,-0.9718022112171607,-0.9718022112171607
-1.370918385555575,-1.0694015388578093,-0.7425477165231992,0.0,0.12547522665374639,-0.6769996676664752,0.17997253097703012,-0.40029122279731355,-0.9246185119217301,-0.9246185119217301
-1.3691863345314998,-1.0694015388578093,-0.7425477165231992,0.0,0.12547522665374639,-0.6769996676664752,0.17997253097703012,-0.40029122279731355,-0.9223716690981381,-0.9223716690981381
-1.3674542835074246,-1.0694015388578093,-0.7425477165231992,0.0,0.12547522665374639,-0.6769996676664752,-0.5803568040016515,-0.437852564900843,-0.9718022112171607,-0.9718022112171607
-1.3657222324833493,0.9342864839043443,0.7293585095525371,0.0,0.12547522665374639,1.176763326104046,-0.6512349623471219,-0.437852564900843,1.0705779154279094,1.0705779154279094
-1.363990181459274,0.9342864839043443,0.7293585095525371,0.0,0.12547522665374639,1.176763326104046,-0.6512349623471219,-0.437852564900843,1.0705779154279094,1.0705779154279094
-1.3622581304351988,-1.0694015388578093,-0.7425477165231992,0.0,0.12547522665374639,-0.42621637417649616,1.906822207030307,2.604616145485044,-0.8369916418016445,-0.8369916418016445
-1.3605260794111236,-1.0694015388578093,-0.7425477165231992,0.0,0.12547522665374639,-0.42621637417649616,1.906822207030307,2.604616145485044,-0.8369916418016445,-0.8369916418016445
-1.3587940283870483,-1.0694015388578093,-0.7425477165231992,0.0,0.12547522665374639,-0.42621637417649616,1.906822207030307,2.604616145485044,-0.8369916418016445,-0.8369916418016445
-1.357061977362973,0.9368333588839675,0.7293585095525371,0.0,0.12547522665374639,-0.8600036926456492,-0.6512349623471219,-0.437852564900843,1.0705779154279094,1.0705779154279094
-1.3553299263388978,0.9389411174877935,0.7293585095525371,0.0,0.12547522665374639,-0.8600036926456492,-0.6512349623471219,-0.437852564900843,1.0705779154279094,1.0705779154279094
-1.3535978753148226,0.9389411174877935,0.7293585095525371,0.0,0.12547522665374639,-0.8600036926456492,0.34105925448946267,-0.437852564900843,1.0705779154279094,1.0705779154279094
-1.3518658242907473,0.9368333588839675,0.7293585095525371,0.0,0.12547522665374639,-0.8600036926456492,0.34105925448946267,-0.437852564900843,1.0705779154279094,1.0705779154279094
-1.350133773266672,0.9368333588839675,0.7293585095525371,0.0,0.12547522665374639,-0.8600036926456492,0.34105925448946267,-0.437852564900843,1.0705779154279094,1.0705779154279094
-1.3484017222425968,0.9342864839043443,0.7293585095525371,0.0,0.12547522665374639,1.176763326104046,-0.6190176176446354,-0.437852564900843,-0.9718022112171607,-0.9718022112171607
-1.3466696712185215,-1.0694015388578093,-0.7425477165231992,0.0,0.12547522665374639,-0.6769996676664752,-0.6190176176446354,-0.437852564900843,-0.9718022112171607,-0.9718022112171607
-1.344937620194446,0.9369211821591269,0.7293585095525371,0.0,0.12547522665374639,-0.8600036926456492,-0.6512349623471219,-0.437852564900843,1.0705779154279094,1.0705779154279094
-1.3432055691703708,-1.0694015388578093,-0.7425477165231992,0.0,0.12547522665374639,-1.2022889986252152,0.34105925448946267,-0.437852564900843,-0.9718022112171607,-0.9718022112171607
-1.3414735181462956,0.9342864839043443,0.7293585095525371,0.0,0.12547522665374639,1.176763326104046,-0.6512349623471219,-0.437852564900843,1.0705779154279094,1.0705779154279094
-1.3397414671222203,-1.0694015388578093,-0.7425477165231992,0.0,0.12547522665374639,-0.42621637417649616,1.906822207030307,2.604616145485044,-0.8369916418016445,-0.8369916418016445
-1.338009416098145,-1.0694015388578093,-0.7425477165231992,0.0,0.12547522665374639,-0.42621637417649616,1.906822207030307,2.604616145485044,-0.8369916418016445,-0.8369916418016445
-1.3362773650740698,-1.0694015388578093,-0.7425477165231992,0.0,0.12547522665374639,-0.42621637417649616,1.906822207030307,2.604616145485044,-0.8369916418016445,-0.8369916418016445
-1.3345453140499945,-1.0694015388578093,-0.7425477165231992,0.0,0.12547522665374639,-1.2022889986252152,-0.6190176176446354,-0.437852564900843,-0.9740490540407526,-0.9740490540407526
-1.3328132630259193,-1.0694015388578093,-0.7425477165231992,0.0,0.12547522665374639,-1.2022889986252152,-0.6190176176446354,-0.437852564900843,-0.9740490540407526,-0.9740490540407526
-1.331081212001844,-1.0694015388578093,-0.7425477165231992,0.0,0.12547522665374639,-0.6769996676664752,-0.6190176176446354,-0.437852564900843,-0.9740490540407526,-0.9740490540407526
-1.3293491609777688,0.9342864839043443,0.7293585095525371,0.0,0.12547522665374639,1.176763326104046,-0.6512349623471219,-0.437852564900843,1.0705779154279094,1.0705779154279094
-1.3276171099536935,-1.0694015388578093,-0.7425477165231992,0.0,0.12547522665374639,-0.6769996676664752,-0.6190176176446354,-0.437852564900843,-0.9740490540407526,-0.9740490540407526
-1.3258850589296183,0.9342864839043443,0.7293585095525371,0.0,0.12547522665374639,1.176763326104046,-0.6512349623471219,-0.437852564900843,1.0705779154279094,1.0705779154279094
-1.324153007905543,0.9342864839043443,0.7293585095525371,0.0,0.12547522665374639,-1.4937398532216775,-0.6447914934066246,0.31337427716974636,-0.9740490540407526,-0.9740490540407526
-1.3224209568814678,0.9342864839043443,0.7293585095525371,0.0,0.12547522665374639,1.176763326104046,-0.6447914934066246,-0.437852564900843,-0.8774348126262994,-0.8774348126262994
-1.3206889058573925,-1.0694015388578093,-0.7425477165231992,0.0,-7.969700686491185,-0.42621637417649616,1.906822207030307,0.6514263561015116,-0.9538274686284252,-0.9538274686284252
-1.318956854833317,-1.0694015388578093,-0.7425477165231992,0.0,0.12547522665374639,-0.42621637417649616,1.906822207030307,0.6514263561015116,-0.9538274686284252,-0.9538274686284252
-1.3172248038092418,-1.0694015388578093,-0.7425477165231992,0.0,0.12547522665374639,-0.42621637417649616,1.906822207030307,-0.13736182807260727,-1.0010111679238558,-1.0010111679238558
-1.3154927527851665,-1.0694015388578093,-0.7425477165231992,0.0,-7.969700686491185,-0.42621637417649616,1.906822207030307,0.6514263561015116,-0.9538274686284252,-0.9538274686284252
-1.3137607017610913,-1.0694015388578093,-0.7425477165231992,0.0,0.12547522665374639,-0.42621637417649616,1.906822207030307,0.6514263561015116,-0.9538274686284252,-0.9538274686284252
-1.312028650737016,-1.0694015388578093,-0.7425477165231992,0.0,0.12547522665374639,-0.42621637417649616,1.906822207030307,0.31337427716974636,-0.9740490540407526,-0.9740490540407526
-1.3102965997129408,0.9342864839043443,0.7293585095525371,0.0,0.12547522665374639,1.176763326104046,-0.5803568040016515,-0.437852564900843,-0.8774348126262994,-0.8774348126262994
-1.3085645486888655,0.9342864839043443,0.7293585095525371,0.0,0.12547522665374639,1.176763326104046,-0.6512349623471219,-0.437852564900843,1.0705779154279094,1.0705779154279094
-1.3068324976647903,-1.0694015388578093,-0.7425477165231992,0.0,0.12547522665374639,-0.9955622296672595,-0.5803568040016515,-0.437852564900843,-0.9740490540407526,-0.9740490540407526
-1.305100446640715,-1.0694015388578093,-0.7425477165231992,0.0,0.12547522665374639,-0.9955622296672595,-0.5803568040016515,-0.437852564900843,-0.9740490540407526,-0.9740490540407526
-1.3033683956166398,-1.0694015388578093,-0.7425477165231992,0.0,0.12547522665374639,-0.9955622296672595,-0.5803568040016515,-0.437852564900843,-0.9740490540407526,-0.9740490540407526
-1.3016363445925645,-1.0694015388578093,-0.7425477165231992,0.0,0.12547522665374639,-0.9955622296672595,-0.5803568040016515,-0.437852564900843,-0.9740490540407526,-0.9740490540407526
-1.2999042935684892,-1.0694015388578093,-0.7425477165231992,0.0,0.12547522665374639,-0.9955622296672595,-0.5803568040016515,-0.437852564900843,-0.9740490540407526,-0.9740490540407526
-1.298172242544414,-1.0694015388578093,-0.7425477165231992,0.0,0.12547522665374639,-0.9955622296672595,-0.5803568040016515,-0.437852564900843,-0.9740490540407526,-0.9740490540407526
-1.2964401915203387,-1.0694015388578093,-0.7425477165231992,0.0,0.12547522665374639,-0.9955622296672595,-0.5803568040016515,-0.437852564900843,-0.9740490540407526,-0.9740490540407526
-1.2947081404962635,-1.0694015388578093,-0.7425477165231992,0.0,0.12547522665374639,-0.9955622296672595,-0.5803568040016515,-0.437852564900843,-0.9740490540407526,-0.9740490540407526
-1.292976089472188,0.9342864839043443,0.7293585095525371,0.0,0.12547522665374639,1.176763326104046,-0.6512349623471219,-0.437852564900843,1.0705779154279094,1.0705779154279094
-1.2912440384481128,0.9342864839043443,0.7293585095525371,0.0,0.12547522665374639,1.176763326104046,-0.6512349623471219,-0.437852564900843,1.0705779154279094,1.0705779154279094
-1.2895119874240375,-1.0694015388578093,-0.7425477165231992,0.0,0.12547522665374639,-1.2022889986252152,-0.5803568040016515,-0.437852564900843,-0.9740490540407526,-0.9740490540407526
-1.2877799363999622,0.9342864839043443,0.7293585095525371,0.0,0.12547522665374639,1.176763326104046,-0.6512349623471219,-0.437852564900843,1.0705779154279094,1.0705779154279094
-1.286047885375887,0.9342864839043443,0.7293585095525371,0.0,0.12547522665374639,1.176763326104046,-0.6512349623471219,-0.437852564900843,1.0705779154279094,1.0705779154279094
-1.2843158343518117,-1.0694015388578093,-0.7425477165231992,0.0,0.12547522665374639,-0.6769996676664752,0.34105925448946267,-0.437852564900843,-0.9740490540407526,-0.9740490540407526
-1.2825837833277365,0.9342864839043443,0.7293585095525371,0.0,0.12547522665374639,1.176763326104046,-0.6512349623471219,-0.437852564900843,1.0705779154279094,1.0705779154279094
-1.2808517323036612,0.9342864839043443,0.7293585095525371,0.0,0.12547522665374639,1.176763326104046,-0.6512349623471219,-0.437852564900843,1.0705779154279094,1.0705779154279094
-1.279119681279586,0.9342864839043443,0.7293585095525371,0.0,0.12547522665374639,1.176763326104046,-0.6512349623471219,-0.437852564900843,1.0705779154279094,1.0705779154279094
-1.2773876302555107,0.9342864839043443,0.7293585095525371,0.0,0.12547522665374639,1.176763326104046,-0.6512349623471219,-0.437852564900843,1.0705779154279094,1.0705779154279094
-1.2756555792314355,0.9342864839043443,0.7293585095525371,0.0,0.12547522665374639,1.176763326104046,-0.6512349623471219,-0.437852564900843,1.0705779154279094,1.0705779154279094
-1.2739235282073602,0.9342864839043443,0.7293585095525371,0.0,0.12547522665374639,1.176763326104046,-0.6512349623471219,-0.437852564900843,1.0705779154279094,1.0705779154279094
-1.272191477183285,0.9342864839043443,0.7293585095525371,0.0,0.12547522665374639,1.176763326104046,-0.6512349623471219,-0.437852564900843,1.0705779154279094,1.0705779154279094
-1.2704594261592097,0.9342864839043443,0.7293585095525371,0.0,0.12547522665374639,1.176763326104046,-0.6512349623471219,-0.437852564900843,1.0705779154279094,1.0705779154279094
-1.2687273751351344,0.9342864839043443,0.7293585095525371,0.0,0.12547522665374639,1.176763326104046,-0.6512349623471219,-0.437852564900843,1.0705779154279094,1.0705779154279094
-1.266995324111059,0.9342864839043443,0.7293585095525371,0.0,0.12547522665374639,1.176763326104046,-0.6512349623471219,-0.437852564900843,1.0705779154279094,1.0705779154279094
-1.2652632730869837,0.9342864839043443,0.7293585095525371,0.0,0.12547522665374639,1.176763326104046,-0.6512349623471219,-0.437852564900843,1.0705779154279094,1.0705779154279094
-1.2635312220629085,0.9342864839043443,0.7293585095525371,0.0,0.12547522665374639,1.176763326104046,-0.6512349623471219,-0.437852564900843,1.0705779154279094,1.0705779154279094
-1.2617991710388332,-1.0694015388578093,-0.7425477165231992,0.0,0.12547522665374639,-0.42621637417649616,1.906822207030307,2.604616145485044,-0.8369916418016445,-0.8369916418016445
-1.260067120014758,-1.0694015388578093,-0.7425477165231992,0.0,0.12547522665374639,-0.42621637417649616,1.906822207030307,2.604616145485044,-0.8369916418016445,-0.8369916418016445
-1.2583350689906827,-1.0694015388578093,-0.7425477165231992,0.0,0.12547522665374639,-0.42621637417649616,1.906822207030307,2.604616145485044,-0.8369916418016445,-0.8369916418016445
-1.2566030179666074,0.9342864839043443,0.7293585095525371,0.0,0.12547522665374639,1.176763326104046,-0.6512349623471219,-0.437852564900843,1.0705779154279094,1.0705779154279094
-1.2548709669425322,0.9342864839043443,0.7293585095525371,0.0,0.12547522665374639,1.176763326104046,-0.6512349623471219,-0.437852564900843,1.0705779154279094,1.0705779154279094
-1.253138915918457,0.9342864839043443,0.7293585095525371,0.0,0.12547522665374639,1.176763326104046,-0.6512349623471219,-0.437852564900843,1.0705779154279094,1.0705779154279094
-1.2514068648943817,-1.0694015388578093,-0.7425477165231992,0.0,0.12547522665374639,-0.6769996676664752,0.17997253097703012,-0.437852564900843,-0.9718022112171607,-0.9718022112171607
-1.2496748138703064,-1.0694015388578093,-0.7425477165231992,0.0,0.12547522665374639,-0.6769996676664752,0.17997253097703012,-0.437852564900843,-0.9718022112171607,-0.9718022112171607
-1.2479427628462312,0.9342864839043443,0.7293585095525371,0.0,0.12547522665374639,1.176763326104046,-0.6512349623471219,-0.437852564900843,1.0705779154279094,1.0705779154279094
-1.246210711822156,-1.0694015388578093,-0.7425477165231992,0.0,0.12547522665374639,-0.6769996676664752,0.17997253097703012,-0.40029122279731355,-0.9246185119217301,-0.9246185119217301
-1.2444786607980807,0.9342864839043443,0.7293585095525371,0.0,0.12547522665374639,1.176763326104046,-0.6512349623471219,-0.437852564900843,1.0705779154279094,1.0705779154279094
-1.2427466097740054,0.9342864839043443,0.7293585095525371,0.0,0.12547522665374639,1.176763326104046,-0.6512349623471219,-0.437852564900843,1.0705779154279094,1.0705779154279094
-1.24101455874993,0.9342864839043443,0.7293585095525371,0.0,0.12547522665374639,1.176763326104046,-0.6512349623471219,-0.437852564900843,1.0705779154279094,1.0705779154279094
-1.2392825077258547,-1.0694015388578093,-0.7425477165231992,0.0,0.12547522665374639,-0.42621637417649616,1.906822207030307,2.604616145485044,-0.8369916418016445,-0.8369916418016445
-1.2375504567017794,-1.0694015388578093,-0.7425477165231992,0.0,0.12547522665374639,-0.42621637417649616,1.906822207030307,2.604616145485044,-0.8369916418016445,-0.8369916418016445
-1.2358184056777042,-1.0694015388578093,-0.7425477165231992,0.0,0.12547522665374639,-0.42621637417649616,1.906822207030307,2.604616145485044,-0.8369916418016445,-0.8369916418016445
-1.234086354653629,0.9342864839043443,0.7293585095525371,0.0,0.12547522665374639,1.176763326104046,-0.6512349623471219,-0.437852564900843,1.0705779154279094,1.0705779154279094
-1.2323543036295537,0.9342864839043443,0.7293585095525371,0.0,0.12547522665374639,1.176763326104046,-0.6512349623471219,-0.437852564900843,1.0705779154279094,1.0705779154279094
-1.2306222526054784,0.9342864839043443,0.7293585095525371,0.0,0.12547522665374639,1.176763326104046,-0.6512349623471219,-0.437852564900843,1.0705779154279094,1.0705779154279094
-1.2288902015814032,0.9342864839043443,0.7293585095525371,0.0,0.12547522665374639,1.176763326104046,-0.6512349623471219,-0.437852564900843,1.0705779154279094,1.0705779154279094
-1.227158150557328,0.9342864839043443,0.7293585095525371,0.0,0.12547522665374639,1.176763326104046,-0.6512349623471219,-0.437852564900843,1.0705779154279094,1.0705779154279094
-1.2254260995332527,-1.0694015388578093,-0.7425477165231992,0.0,0.12547522665374639,-1.3615702796256073,1.906822207030307,0.08800622454856954,-0.9875301109823043,-0.9875301109823043
-1.2236940485091774,0.934023014078866,0.7293585095525371,0.0,0.12547522665374639,-1.4903508897961373,-0.6447914934066246,-0.437852564900843,-0.9718022112171607,-0.9718022112171607
-1.2219619974851021,0.934023014078866,0.7293585095525371,0.0,0.12547522665374639,1.176763326104046,-0.6447914934066246,-0.437852564900843,-0.8774348126262994,-0.8774348126262994
-1.220229946461027,-1.0694015388578093,-0.7425477165231992,0.0,0.12547522665374639,-0.6769996676664752,0.17997253097703012,-0.40029122279731355,-0.9223716690981381,-0.9223716690981381
-1.2184978954369516,-1.0694015388578093,-0.7425477165231992,0.0,0.12547522665374639,-1.2022889986252152,0.34105925448946267,-0.437852564900843,-0.9718022112171607,-0.9718022112171607
-1.2167658444128764,-1.0694015388578093,-0.7425477165231992,0.0,0.12547522665374639,-0.6769996676664752,-0.5803568040016515,-0.437852564900843,-0.9718022112171607,-0.9718022112171607
-1.215033793388801,-1.0694015388578093,-0.7425477165231992,0.0,0.12547522665374639,-0.6769996676664752,0.17997253097703012,-0.40029122279731355,-0.9246185119217301,-0.9246185119217301
-1.2133017423647257,-1.0694015388578093,-0.7425477165231992,0.0,0.12547522665374639,-0.6769996676664752,0.17997253097703012,-0.40029122279731355,-0.9223716690981381,-0.9223716690981381
-1.2115696913406504,-1.0694015388578093,-0.7425477165231992,0.0,0.12547522665374639,-0.6769996676664752,-0.5803568040016515,-0.437852564900843,-0.9718022112171607,-0.9718022112171607
-1.2098376403165751,-1.0694015388578093,-0.7425477165231992,0.0,0.12547522665374639,-1.3615702796256073,1.906822207030307,-0.13736182807260727,-0.9875301109823043,-0.9875301109823043
-1.2081055892925,-1.0694015388578093,-0.7425477165231992,0.0,0.12547522665374639,-1.3615702796256073,1.906822207030307,-0.13736182807260727,-0.9875301109823043,-0.9875301109823043
-1.2063735382684246,-1.0694015388578093,-0.7425477165231992,0.0,0.12547522665374639,-1.3615702796256073,1.906822207030307,0.08800622454856954,-0.9875301109823043,-0.9875301109823043
-1.2046414872443494,0.9342864839043443,0.7293585095525371,0.0,0.12547522665374639,1.176763326104046,-0.6512349623471219,-0.437852564900843,1.0705779154279094,1.0705779154279094
-1.2029094362202741,-1.0694015388578093,-0.7425477165231992,0.0,0.12547522665374639,-0.42621637417649616,1.906822207030307,2.604616145485044,-0.8369916418016445,-0.8369916418016445
-1.2011773851961989,-1.0694015388578093,-0.7425477165231992,0.0,0.12547522665374639,-0.42621637417649616,1.906822207030307,2.604616145485044,-0.8369916418016445,-0.8369916418016445
-1.1994453341721236,-1.0694015388578093,-0.7425477165231992,0.0,0.12547522665374639,-0.42621637417649616,1.906822207030307,2.604616145485044,-0.8369916418016445,-0.8369916418016445
-1.1977132831480484,0.9342864839043443,0.7293585095525371,0.0,0.12547522665374639,1.176763326104046,-0.6512349623471219,-0.437852564900843,1.0705779154279094,1.0705779154279094
-1.1959812321239731,-1.0694015388578093,-0.7425477165231992,0.0,0.12547522665374639,-0.42621637417649616,1.906822207030307,2.604616145485044,-0.8369916418016445,-0.8369916418016445
-1.1942491810998979,-1.0694015388578093,-0.7425477165231992,0.0,0.12547522665374639,-0.42621637417649616,1.906822207030307,2.604616145485044,-0.8369916418016445,-0.8369916418016445
-1.1925171300758226,-1.0694015388578093,-0.7425477165231992,0.0,0.12547522665374639,-0.42621637417649616,1.906822207030307,2.604616145485044,-0.8369916418016445,-0.8369916418016445
-1.1907850790517474,0.9379750614610399,0.7293585095525371,0.0,0.12547522665374639,-0.8600036926456492,-0.6512349623471219,-0.437852564900843,1.0705779154279094,1.0705779154279094
-1.1890530280276719,0.938414177836837,0.7293585095525371,0.0,0.12547522665374639,-0.8600036926456492,-0.6512349623471219,-0.437852564900843,1.0705779154279094,1.0705779154279094
-1.1873209770035966,0.9382385312865181,0.7293585095525371,0.0,0.12547522665374639,-0.8600036926456492,-0.6512349623471219,-0.437852564900843,1.0705779154279094,1.0705779154279094
-1.1855889259795214,0.9342864839043443,0.7293585095525371,0.0,0.12547522665374639,1.176763326104046,-0.6190176176446354,-0.437852564900843,-0.9718022112171607,-0.9718022112171607
-1.1838568749554461,-1.0694015388578093,-0.7425477165231992,0.0,0.12547522665374639,-0.6769996676664752,-0.6190176176446354,-0.437852564900843,-0.9718022112171607,-0.9718022112171607
-1.1821248239313709,0.9369211821591269,0.7293585095525371,0.0,0.12547522665374639,-0.8600036926456492,-0.6512349623471219,-0.437852564900843,1.0705779154279094,1.0705779154279094
-1.1803927729072956,-1.0694015388578093,-0.7425477165231992,0.0,0.12547522665374639,-1.2022889986252152,0.34105925448946267,-0.437852564900843,-0.9718022112171607,-0.9718022112171607
-1.1786607218832204,0.9342864839043443,0.7293585095525371,0.0,0.12547522665374639,1.176763326104046,-0.6512349623471219,-0.437852564900843,1.0705779154279094,1.0705779154279094
-1.176928670859145,-1.0694015388578093,-0.7425477165231992,0.0,0.12547522665374639,-1.2022889986252152,-0.6190176176446354,-0.437852564900843,-0.9740490540407526,-0.9740490540407526
-1.1751966198350698,-1.0694015388578093,-0.7425477165231992,0.0,0.12547522665374639,-1.2022889986252152,-0.6190176176446354,-0.437852564900843,-0.9740490540407526,-0.9740490540407526
-1.1734645688109946,-1.0694015388578093,-0.7425477165231992,0.0,0.12547522665374639,-0.6769996676664752,-0.6190176176446354,-0.437852564900843,-0.9740490540407526,-0.9740490540407526
-1.1717325177869193,0.9342864839043443,0.7293585095525371,0.0,0.12547522665374639,1.176763326104046,-0.6512349623471219,-0.437852564900843,1.0705779154279094,1.0705779154279094
-1.170000466762844,-1.0694015388578093,-0.7425477165231992,0.0,0.12547522665374639,-0.6769996676664752,-0.6190176176446354,-0.437852564900843,-0.9740490540407526,-0.9740490540407526
-1.1682684157387688,0.9342864839043443,0.7293585095525371,0.0,0.12547522665374639,1.176763326104046,-0.6512349623471219,-0.437852564900843,1.0705779154279094,1.0705779154279094
-1.1665363647146936,-1.0694015388578093,-0.7425477165231992,0.0,-7.969700686491185,-0.42621637417649616,1.906822207030307,0.6514263561015116,-0.9538274686284252,-0.9538274686284252
-1.1648043136906183,-1.0694015388578093,-0.7425477165231992,0.0,0.12547522665374639,-0.42621637417649616,1.906822207030307,0.6514263561015116,-0.9538274686284252,-0.9538274686284252
-1.1630722626665428,-1.0694015388578093,-0.7425477165231992,0.0,0.12547522665374639,-0.42621637417649616,1.906822207030307,-0.13736182807260727,-1.0010111679238558,-1.0010111679238558
-1.1613402116424676,0.9342864839043443,0.7293585095525371,0.0,0.12547522665374639,-1.4937398532216775,-0.6447914934066246,0.31337427716974636,-0.9740490540407526,-0.9740490540407526
-1.1596081606183923,0.9342864839043443,0.7293585095525371,0.0,0.12547522665374639,1.176763326104046,-0.6447914934066246,-0.437852564900843,-0.8774348126262994,-0.8774348126262994
-1.157876109594317,-1.0694015388578093,-0.7425477165231992,0.0,-7.969700686491185,-0.42621637417649616,1.906822207030307,0.6514263561015116,-0.9538274686284252,-0.9538274686284252
-1.1561440585702418,-1.0694015388578093,-0.7425477165231992,0.0,0.12547522665374639,-0.42621637417649616,1.906822207030307,0.6514263561015116,-0.9538274686284252,-0.9538274686284252
-1.1544120075461666,-1.0694015388578093,-0.7425477165231992,0.0,0.12547522665374639,-0.42621637417649616,1.906822207030307,0.31337427716974636,-0.9740490540407526,-0.9740490540407526
-1.1526799565220913,0.9342864839043443,0.7293585095525371,0.0,0.12547522665374639,1.176763326104046,-0.5803568040016515,-0.437852564900843,-0.8774348126262994,-0.8774348126262994
-1.150947905498016,0.9342864839043443,0.7293585095525371,0.0,0.12547522665374639,1.176763326104046,-0.6512349623471219,-0.437852564900843,1.0705779154279094,1.0705779154279094
-1.1492158544739408,-1.0694015388578093,-0.7425477165231992,0.0,0.12547522665374639,-0.9955622296672595,-0.5803568040016515,-0.437852564900843,-0.9740490540407526,-0.9740490540407526
-1.1474838034498656,-1.0694015388578093,-0.7425477165231992,0.0,0.12547522665374639,-0.9955622296672595,-0.5803568040016515,-0.437852564900843,-0.9740490540407526,-0.9740490540407526
-1.1457517524257903,-1.0694015388578093,-0.7425477165231992,0.0,0.12547522665374639,-0.9955622296672595,-0.5803568040016515,-0.437852564900843,-0.9740490540407526,-0.9740490540407526
-1.144019701401715,-1.0694015388578093,-0.7425477165231992,0.0,0.12547522665374639,-0.9955622296672595,-0.5803568040016515,-0.437852564900843,-0.9740490540407526,-0.9740490540407526
-1.1422876503776398,-1.0694015388578093,-0.7425477165231992,0.0,0.12547522665374639,-0.9955622296672595,-0.5803568040016515,-0.437852564900843,-0.9740490540407526,-0.9740490540407526
-1.1405555993535645,-1.0694015388578093,-0.7425477165231992,0.0,0.12547522665374639,-0.9955622296672595,-0.5803568040016515,-0.437852564900843,-0.9740490540407526,-0.9740490540407526
-1.1388235483294893,-1.0694015388578093,-0.7425477165231992,0.0,0.12547522665374639,-0.9955622296672595,-0.5803568040016515,-0.437852564900843,-0.9740490540407526,-0.9740490540407526
-1.1370914973054138,-1.0694015388578093,-0.7425477165231992,0.0,0.12547522665374639,-0.9955622296672595,-0.5803568040016515,-0.437852564900843,-0.9740490540407526,-0.9740490540407526
-1.1353594462813386,0.9342864839043443,0.7293585095525371,0.0,0.12547522665374639,1.176763326104046,-0.6512349623471219,-0.437852564900843,1.0705779154279094,1.0705779154279094
-1.1336273952572633,0.9342864839043443,0.7293585095525371,0.0,0.12547522665374639,1.176763326104046,-0.6512349623471219,-0.437852564900843,1.0705779154279094,1.0705779154279094
-1.131895344233188,-1.0694015388578093,-0.7425477165231992,0.0,0.12547522665374639,-1.2022889986252152,-0.5803568040016515,-0.437852564900843,-0.9740490540407526,-0.9740490540407526
-1.1301632932091128,0.9342864839043443,0.7293585095525371,0.0,0.12547522665374639,1.176763326104046,-0.6512349623471219,-0.437852564900843,1.0705779154279094,1.0705779154279094
-1.1284312421850375,0.9342864839043443,0.7293585095525371,0.0,0.12547522665374639,1.176763326104046,-0.6512349623471219,-0.437852564900843,1.0705779154279094,1.0705779154279094
-1.1266991911609623,-1.0694015388578093,-0.7425477165231992,0.0,0.12547522665374639,-0.6769996676664752,0.34105925448946267,-0.437852564900843,-0.9740490540407526,-0.9740490540407526
-1.124967140136887,0.9342864839043443,0.7293585095525371,0.0,0.12547522665374639,1.176763326104046,-0.6512349623471219,-0.437852564900843,1.0705779154279094,1.0705779154279094
-1.1232350891128118,0.9342864839043443,0.7293585095525371,0.0,0.12547522665374639,1.176763326104046,-0.6512349623471219,-0.437852564900843,1.0705779154279094,1.0705779154279094
-1.1215030380887365,0.9342864839043443,0.7293585095525371,0.0,0.12547522665374639,1.176763326104046,-0.6512349623471219,-0.437852564900843,1.0705779154279094,1.0705779154279094
-1.1197709870646613,0.9342864839043443,0.7293585095525371,0.0,0.12547522665374639,1.176763326104046,-0.6512349623471219,-0.437852564900843,1.0705779154279094,1.0705779154279094
-1.118038936040586,0.9342864839043443,0.7293585095525371,0.0,0.12547522665374639,1.176763326104046,-0.6512349623471219,-0.437852564900843,1.0705779154279094,1.0705779154279094
-1.1163068850165108,0.9342864839043443,0.7293585095525371,0.0,0.12547522665374639,1.176763326104046,-0.6512349623471219,-0.437852564900843,1.0705779154279094,1.0705779154279094
-1.1145748339924355,0.9342864839043443,0.7293585095525371,0.0,0.12547522665374639,1.176763326104046,-0.6512349623471219,-0.437852564900843,1.0705779154279094,1.0705779154279094
-1.1128427829683603,0.9342864839043443,0.7293585095525371,0.0,0.12547522665374639,1.176763326104046,-0.6512349623471219,-0.437852564900843,1.0705779154279094,1.0705779154279094
-1.1111107319442848,0.9342864839043443,0.7293585095525371,0.0,0.12547522665374639,1.176763326104046,-0.6512349623471219,-0.437852564900843,1.0705779154279094,1.0705779154279094
-1.1093786809202095,0.9342864839043443,0.7293585095525371,0.0,0.12547522665374639,1.176763326104046,-0.6512349623471219,-0.437852564900843,1.0705779154279094,1.0705779154279094
-1.1076466298961343,0.9342864839043443,0.7293585095525371,0.0,0.12547522665374639,1.176763326104046,-0.6512349623471219,-0.437852564900843,1.0705779154279094,1.0705779154279094
-1.105914578872059,0.9342864839043443,0.7293585095525371,0.0,0.12547522665374639,1.176763326104046,-0.6512349623471219,-0.437852564900843,1.0705779154279094,1.0705779154279094
-1.1041825278479838,0.9342864839043443,0.7293585095525371,0.0,0.12547522665374639,1.176763326104046,-0.6512349623471219,-0.437852564900843,1.0705779154279094,1.0705779154279094
-1.1024504768239085,0.9342864839043443,0.7293585095525371,0.0,0.12547522665374639,1.176763326104046,-0.6512349623471219,-0.437852564900843,1.0705779154279094,1.0705779154279094
-1.1007184257998333,-1.0694015388578093,-0.7425477165231992,0.0,0.12547522665374639,-0.6769996676664752,0.17997253097703012,-0.437852564900843,-0.9718022112171607,-0.9718022112171607
-1.098986374775758,0.9342864839043443,0.7293585095525371,0.0,0.12547522665374639,1.176763326104046,-0.6512349623471219,-0.437852564900843,1.0705779154279094,1.0705779154279094
-1.0972543237516827,-1.0694015388578093,-0.7425477165231992,0.0,0.12547522665374639,-0.6769996676664752,0.17997253097703012,-0.437852564900843,-0.9718022112171607,-0.9718022112171607
-1.0955222727276075,-1.0694015388578093,-0.7425477165231992,0.0,0.12547522665374639,-0.6769996676664752,0.17997253097703012,-0.40029122279731355,-0.9246185119217301,-0.9246185119217301
-1.0937902217035322,0.9342864839043443,0.7293585095525371,0.0,0.12547522665374639,1.176763326104046,-0.6512349623471219,-0.437852564900843,1.0705779154279094,1.0705779154279094
-1.092058170679457,-1.0694015388578093,-0.7425477165231992,0.0,0.12547522665374639,-0.42621637417649616,1.906822207030307,2.604616145485044,-0.8369916418016445,-0.8369916418016445
-1.0903261196553817,-1.0694015388578093,-0.7425477165231992,0.0,0.12547522665374639,-0.42621637417649616,1.906822207030307,2.604616145485044,-0.8369916418016445,-0.8369916418016445
-1.0885940686313065,-1.0694015388578093,-0.7425477165231992,0.0,0.12547522665374639,-0.42621637417649616,1.906822207030307,2.604616145485044,-0.8369916418016445,-0.8369916418016445
-1.0868620176072312,0.9342864839043443,0.7293585095525371,0.0,0.12547522665374639,1.176763326104046,-0.6512349623471219,-0.437852564900843,1.0705779154279094,1.0705779154279094
-1.085129966583156,0.9342864839043443,0.7293585095525371,0.0,0.12547522665374639,1.176763326104046,-0.6512349623471219,-0.437852564900843,1.0705779154279094,1.0705779154279094
-1.0833979155590805,0.9342864839043443,0.7293585095525371,0.0,0.12547522665374639,1.176763326104046,-0.6512349623471219,-0.437852564900843,1.0705779154279094,1.0705779154279094
-1.0816658645350052,0.9342864839043443,0.7293585095525371,0.0,0.12547522665374639,1.176763326104046,-0.6512349623471219,-0.437852564900843,1.0705779154279094,1.0705779154279094
-1.07993381351093,0.9342864839043443,0.7293585095525371,0.0,0.12547522665374639,1.176763326104046,-0.6512349623471219,-0.437852564900843,1.0705779154279094,1.0705779154279094
-1.0782017624868547,0.9342864839043443,0.7293585095525371,0.0,0.12547522665374639,1.176763326104046,-0.6512349623471219,-0.437852564900843,1.0705779154279094,1.0705779154279094
-1.0764697114627795,0.9342864839043443,0.7293585095525371,0.0,0.12547522665374639,1.176763326104046,-0.6512349623471219,-0.437852564900843,1.0705779154279094,1.0705779154279094
-1.0747376604387042,-1.0694015388578093,-0.7425477165231992,0.0,0.12547522665374639,-0.42621637417649616,1.906822207030307,2.604616145485044,-0.8369916418016445,-0.8369916418016445
-1.073005609414629,-1.0694015388578093,-0.7425477165231992,0.0,0.12547522665374639,-0.42621637417649616,1.906822207030307,2.604616145485044,-0.8369916418016445,-0.8369916418016445
-1.0712735583905537,0.934023014078866,0.7293585095525371,0.0,0.12547522665374639,-1.4903508897961373,-0.6447914934066246,-0.437852564900843,-0.9718022112171607,-0.9718022112171607
-1.0695415073664785,0.934023014078866,0.7293585095525371,0.0,0.12547522665374639,1.176763326104046,-0.6447914934066246,-0.437852564900843,-0.8774348126262994,-0.8774348126262994
-1.0678094563424032,-1.0694015388578093,-0.7425477165231992,0.0,0.12547522665374639,-0.6769996676664752,0.17997253097703012,-0.40029122279731355,-0.9223716690981381,-0.9223716690981381
-1.066077405318328,-1.0694015388578093,-0.7425477165231992,0.0,0.12547522665374639,-1.2022889986252152,0.34105925448946267,-0.437852564900843,-0.9718022112171607,-0.9718022112171607
-1.0643453542942527,-1.0694015388578093,-0.7425477165231992,0.0,0.12547522665374639,-0.6769996676664752,-0.5803568040016515,-0.437852564900843,-0.9718022112171607,-0.9718022112171607
-1.0626133032701774,0.9342864839043443,0.7293585095525371,0.0,0.12547522665374639,1.176763326104046,-0.6512349623471219,-0.437852564900843,1.0705779154279094,1.0705779154279094
-1.0608812522461022,-1.0694015388578093,-0.7425477165231992,0.0,0.12547522665374639,-0.42621637417649616,1.906822207030307,2.604616145485044,-0.8369916418016445,-0.8369916418016445
-1.059149201222027,-1.0694015388578093,-0.7425477165231992,0.0,0.12547522665374639,-0.6769996676664752,0.17997253097703012,-0.40029122279731355,-0.9246185119217301,-0.9246185119217301
-1.0574171501979515,-1.0694015388578093,-0.7425477165231992,0.0,0.12547522665374639,-0.6769996676664752,0.17997253097703012,-0.40029122279731355,-0.9223716690981381,-0.9223716690981381
-1.0556850991738762,-1.0694015388578093,-0.7425477165231992,0.0,0.12547522665374639,-0.6769996676664752,-0.5803568040016515,-0.437852564900843,-0.9718022112171607,-0.9718022112171607
-1.053953048149801,0.9342864839043443,0.7293585095525371,0.0,0.12547522665374639,1.176763326104046,-0.6512349623471219,-0.437852564900843,1.0705779154279094,1.0705779154279094
-1.0522209971257257,0.9342864839043443,0.7293585095525371,0.0,0.12547522665374639,1.176763326104046,-0.6512349623471219,-0.437852564900843,1.0705779154279094,1.0705779154279094
-1.0504889461016504,0.956417949244518,-11.474714372791954,0.0,0.12547522665374639,-1.541185341179241,-0.6512349623471219,-0.40029122279731355,-1.0167390676889994,-1.0167390676889994
-1.0487568950775752,-1.0694015388578093,-0.7425477165231992,0.0,0.12547522665374639,-0.42621637417649616,1.906822207030307,2.604616145485044,-0.8369916418016445,-0.8369916418016445
-1.0470248440535,-1.0694015388578093,-0.7425477165231992,0.0,0.12547522665374639,-0.42621637417649616,1.906822207030307,2.604616145485044,-0.8369916418016445,-0.8369916418016445
-1.0452927930294247,-1.0694015388578093,-0.7425477165231992,0.0,0.12547522665374639,-0.42621637417649616,1.906822207030307,2.604616145485044,-0.8369916418016445,-0.8369916418016445
-1.0435607420053494,0.9370968287094458,0.7293585095525371,0.0,0.12547522665374639,-0.8600036926456492,-0.6512349623471219,-0.437852564900843,1.0705779154279094,1.0705779154279094
-1.0418286909812742,0.9370968287094458,0.7293585095525371,0.0,0.12547522665374639,-0.8600036926456492,0.34105925448946267,-0.437852564900843,1.0705779154279094,1.0705779154279094
-1.040096639957199,0.9389411174877935,0.7293585095525371,0.0,0.12547522665374639,-0.8600036926456492,-0.6512349623471219,-0.437852564900843,1.0705779154279094,1.0705779154279094
-1.0383645889331237,0.9370968287094458,0.7293585095525371,0.0,0.12547522665374639,-0.8600036926456492,0.34105925448946267,-0.437852564900843,1.0705779154279094,1.0705779154279094
-1.0366325379090484,0.9370968287094458,0.7293585095525371,0.0,0.12547522665374639,-0.8600036926456492,0.34105925448946267,-0.437852564900843,1.0705779154279094,1.0705779154279094
-1.0349004868849732,0.9368333588839675,0.7293585095525371,0.0,0.12547522665374639,-0.8600036926456492,-0.6512349623471219,-0.437852564900843,1.0705779154279094,1.0705779154279094
-1.033168435860898,0.9368333588839675,0.7293585095525371,0.0,0.12547522665374639,-0.8600036926456492,0.34105925448946267,-0.437852564900843,1.0705779154279094,1.0705779154279094
-1.0314363848368224,0.9370968287094458,0.7293585095525371,0.0,0.12547522665374639,-0.8600036926456492,0.34105925448946267,-0.437852564900843,1.0705779154279094,1.0705779154279094
-1.0297043338127472,0.9379750614610399,0.7293585095525371,0.0,0.12547522665374639,-0.8600036926456492,-0.6512349623471219,-0.437852564900843,1.0705779154279094,1.0705779154279094
-1.027972282788672,0.9379750614610399,0.7293585095525371,0.0,0.12547522665374639,-0.8600036926456492,0.34105925448946267,-0.437852564900843,1.0705779154279094,1.0705779154279094
-1.0262402317645967,0.9382385312865181,0.7293585095525371,0.0,0.12547522665374639,-0.8600036926456492,-0.6512349623471219,-0.437852564900843,1.0705779154279094,1.0705779154279094
-1.0245081807405214,0.9342864839043443,0.7293585095525371,0.0,0.12547522665374639,1.176763326104046,-0.6190176176446354,-0.437852564900843,-0.9718022112171607,-0.9718022112171607
-1.0227761297164462,-1.0694015388578093,-0.7425477165231992,0.0,0.12547522665374639,-0.6769996676664752,-0.6190176176446354,-0.437852564900843,-0.9718022112171607,-0.9718022112171607
-1.021044078692371,0.9371846519846051,0.7293585095525371,0.0,0.12547522665374639,-0.8600036926456492,-0.6512349623471219,-0.437852564900843,1.0705779154279094,1.0705779154279094
-1.0193120276682957,-1.0694015388578093,-0.7425477165231992,0.0,0.12547522665374639,-1.2022889986252152,0.34105925448946267,-0.437852564900843,-0.9718022112171607,-0.9718022112171607
-1.0175799766442204,0.9342864839043443,0.7293585095525371,0.0,0.12547522665374639,1.176763326104046,-0.6512349623471219,-0.437852564900843,1.0705779154279094,1.0705779154279094
-1.0158479256201451,-1.0694015388578093,-0.7425477165231992,0.0,0.12547522665374639,-1.2022889986252152,-0.6190176176446354,-0.437852564900843,-0.9740490540407526,-0.9740490540407526
-1.0141158745960699,-1.0694015388578093,-0.7425477165231992,0.0,0.12547522665374639,-1.2022889986252152,-0.6190176176446354,-0.437852564900843,-0.9740490540407526,-0.9740490540407526
-1.0123838235719946,-1.0694015388578093,-0.7425477165231992,0.0,0.12547522665374639,-0.6769996676664752,-0.6190176176446354,-0.437852564900843,-0.9740490540407526,-0.9740490540407526
-1.0106517725479194,0.9342864839043443,0.7293585095525371,0.0,0.12547522665374639,1.176763326104046,-0.6512349623471219,-0.437852564900843,1.0705779154279094,1.0705779154279094
-1.0089197215238441,-1.0694015388578093,-0.7425477165231992,0.0,0.12547522665374639,-0.6769996676664752,-0.6190176176446354,-0.437852564900843,-0.9740490540407526,-0.9740490540407526
-1.0071876704997689,-1.0694015388578093,-0.7425477165231992,0.0,0.12547522665374639,-0.42621637417649616,1.906822207030307,2.604616145485044,-0.8369916418016445,-0.8369916418016445
-1.0054556194756934,-1.0694015388578093,-0.7425477165231992,0.0,0.12547522665374639,-0.42621637417649616,1.906822207030307,2.604616145485044,-0.8369916418016445,-0.8369916418016445
-1.0037235684516181,-1.0694015388578093,-0.7425477165231992,0.0,0.12547522665374639,-0.42621637417649616,1.906822207030307,2.604616145485044,-0.8369916418016445,-0.8369916418016445
-1.0019915174275429,0.9342864839043443,0.7293585095525371,0.0,0.12547522665374639,1.176763326104046,-0.6512349623471219,-0.437852564900843,1.0705779154279094,1.0705779154279094
-1.0002594664034676,0.9342864839043443,0.7293585095525371,0.0,0.12547522665374639,-1.4937398532216775,-0.6447914934066246,0.31337427716974636,-0.9740490540407526,-0.9740490540407526
-0.9985274153793924,0.9342864839043443,0.7293585095525371,0.0,0.12547522665374639,1.176763326104046,-0.6447914934066246,-0.437852564900843,-0.8774348126262994,-0.8774348126262994
-0.9967953643553171,-1.0694015388578093,-0.7425477165231992,0.0,-7.969700686491185,-0.42621637417649616,1.906822207030307,0.6514263561015116,-0.9538274686284252,-0.9538274686284252
-0.9950633133312419,-1.0694015388578093,-0.7425477165231992,0.0,0.12547522665374639,-0.42621637417649616,1.906822207030307,0.6514263561015116,-0.9538274686284252,-0.9538274686284252
-0.9933312623071666,-1.0694015388578093,-0.7425477165231992,0.0,0.12547522665374639,-0.42621637417649616,1.906822207030307,0.31337427716974636,-0.9740490540407526,-0.9740490540407526
-0.9915992112830914,-1.0694015388578093,-0.7425477165231992,0.0,0.12547522665374639,-1.3615702796256073,1.906822207030307,0.08800622454856954,-0.9875301109823043,-0.9875301109823043
-0.9898671602590161,-1.0694015388578093,-0.7425477165231992,0.0,0.12547522665374639,-1.3615702796256073,1.906822207030307,-0.25004585438319565,-0.9875301109823043,-0.9875301109823043
-0.9881351092349409,-1.0694015388578093,-0.7425477165231992,0.0,0.12547522665374639,-1.3615702796256073,1.906822207030307,-0.25004585438319565,-0.9875301109823043,-0.9875301109823043
-0.9864030582108655,-1.0694015388578093,-0.7425477165231992,0.0,0.12547522665374639,-1.3615702796256073,1.906822207030307,0.08800622454856954,-0.9875301109823043,-0.9875301109823043
-0.9846710071867902,0.9342864839043443,0.7293585095525371,0.0,0.12547522665374639,1.176763326104046,-0.5803568040016515,-0.437852564900843,-0.8774348126262994,-0.8774348126262994
-0.982938956162715,0.9342864839043443,0.7293585095525371,0.0,0.12547522665374639,1.176763326104046,-0.6512349623471219,-0.437852564900843,1.0705779154279094,1.0705779154279094
-0.9812069051386397,-1.0694015388578093,-0.7425477165231992,0.0,0.12547522665374639,-0.9955622296672595,-0.5803568040016515,-0.437852564900843,-0.9740490540407526,-0.9740490540407526
-0.9794748541145645,-1.0694015388578093,-0.7425477165231992,0.0,0.12547522665374639,-0.9955622296672595,-0.5803568040016515,-0.437852564900843,-0.9740490540407526,-0.9740490540407526
-0.9777428030904892,-1.0694015388578093,-0.7425477165231992,0.0,0.12547522665374639,-0.9955622296672595,-0.5803568040016515,-0.437852564900843,-0.9740490540407526,-0.9740490540407526
-0.976010752066414,-1.0694015388578093,-0.7425477165231992,0.0,0.12547522665374639,-0.9955622296672595,-0.5803568040016515,-0.437852564900843,-0.9740490540407526,-0.9740490540407526
-0.9742787010423387,-1.0694015388578093,-0.7425477165231992,0.0,0.12547522665374639,-0.9955622296672595,-0.5803568040016515,-0.437852564900843,-0.9740490540407526,-0.9740490540407526
-0.9725466500182633,-1.0694015388578093,-0.7425477165231992,0.0,0.12547522665374639,-0.9955622296672595,-0.5803568040016515,-0.437852564900843,-0.9740490540407526,-0.9740490540407526
-0.9708145989941881,-1.0694015388578093,-0.7425477165231992,0.0,0.12547522665374639,-0.9955622296672595,-0.5803568040016515,-0.437852564900843,-0.9740490540407526,-0.9740490540407526
-0.9690825479701128,-1.0694015388578093,-0.7425477165231992,0.0,0.12547522665374639,-0.9955622296672595,-0.5803568040016515,-0.437852564900843,-0.9740490540407526,-0.9740490540407526
-0.9673504969460376,0.9342864839043443,0.7293585095525371,0.0,0.12547522665374639,1.176763326104046,-0.6512349623471219,-0.437852564900843,1.0705779154279094,1.0705779154279094
-0.9656184459219623,0.9342864839043443,0.7293585095525371,0.0,0.12547522665374639,1.176763326104046,-0.6512349623471219,-0.437852564900843,1.0705779154279094,1.0705779154279094
-0.9638863948978871,-1.0694015388578093,-0.7425477165231992,0.0,0.12547522665374639,-1.2022889986252152,-0.5803568040016515,-0.437852564900843,-0.9740490540407526,-0.9740490540407526
-0.9621543438738118,0.9342864839043443,0.7293585095525371,0.0,0.12547522665374639,1.176763326104046,-0.6512349623471219,-0.437852564900843,1.0705779154279094,1.0705779154279094
-0.9604222928497365,0.9342864839043443,0.7293585095525371,0.0,0.12547522665374639,1.176763326104046,-0.6512349623471219,-0.437852564900843,1.0705779154279094,1.0705779154279094
-0.9586902418256612,-1.0694015388578093,-0.7425477165231992,0.0,0.12547522665374639,-0.6769996676664752,0.34105925448946267,-0.437852564900843,-0.9740490540407526,-0.9740490540407526
-0.956958190801586,0.9342864839043443,0.7293585095525371,0.0,0.12547522665374639,1.176763326104046,-0.6512349623471219,-0.437852564900843,1.0705779154279094,1.0705779154279094
-0.9552261397775107,0.9342864839043443,0.7293585095525371,0.0,0.12547522665374639,1.176763326104046,-0.6512349623471219,-0.437852564900843,1.0705779154279094,1.0705779154279094
-0.9534940887534354,0.9342864839043443,0.7293585095525371,0.0,0.12547522665374639,1.176763326104046,-0.6512349623471219,-0.437852564900843,1.0705779154279094,1.0705779154279094
-0.9517620377293602,0.9342864839043443,0.7293585095525371,0.0,0.12547522665374639,1.176763326104046,-0.6512349623471219,-0.437852564900843,1.0705779154279094,1.0705779154279094
-0.9500299867052849,0.9342864839043443,0.7293585095525371,0.0,0.12547522665374639,1.176763326104046,-0.6512349623471219,-0.437852564900843,1.0705779154279094,1.0705779154279094
-0.9482979356812097,0.9342864839043443,0.7293585095525371,0.0,0.12547522665374639,1.176763326104046,-0.6512349623471219,-0.437852564900843,1.0705779154279094,1.0705779154279094
-0.9465658846571343,0.9342864839043443,0.7293585095525371,0.0,0.12547522665374639,1.176763326104046,-0.6512349623471219,-0.437852564900843,1.0705779154279094,1.0705779154279094
-0.9448338336330591,0.9342864839043443,0.7293585095525371,0.0,0.12547522665374639,1.176763326104046,-0.6512349623471219,-0.437852564900843,1.0705779154279094,1.0705779154279094
-0.9431017826089838,0.9342864839043443,0.7293585095525371,0.0,0.12547522665374639,1.176763326104046,-0.6512349623471219,-0.437852564900843,1.0705779154279094,1.0705779154279094
-0.9413697315849086,0.9342864839043443,0.7293585095525371,0.0,0.12547522665374639,1.176763326104046,-0.6512349623471219,-0.437852564900843,1.0705779154279094,1.0705779154279094
-0.9396376805608333,0.9342864839043443,0.7293585095525371,0.0,0.12547522665374639,1.176763326104046,-0.6512349623471219,-0.437852564900843,1.0705779154279094,1.0705779154279094
-0.937905629536758,0.9342864839043443,0.7293585095525371,0.0,0.12547522665374639,1.176763326104046,-0.6512349623471219,-0.437852564900843,1.0705779154279094,1.0705779154279094
-0.9361735785126828,0.9342864839043443,0.7293585095525371,0.0,0.12547522665374639,1.176763326104046,-0.6512349623471219,-0.437852564900843,1.0705779154279094,1.0705779154279094
-0.9344415274886074,0.9342864839043443,0.7293585095525371,0.0,0.12547522665374639,1.176763326104046,-0.6512349623471219,-0.437852564900843,1.0705779154279094,1.0705779154279094
-0.9327094764645322,-1.0694015388578093,-0.7425477165231992,0.0,0.12547522665374639,-0.42621637417649616,1.906822207030307,2.604616145485044,-0.8369916418016445,-0.8369916418016445
-0.9309774254404569,-1.0694015388578093,-0.7425477165231992,0.0,0.12547522665374639,-0.42621637417649616,1.906822207030307,2.604616145485044,-0.8369916418016445,-0.8369916418016445
-0.9292453744163817,-1.0694015388578093,-0.7425477165231992,0.0,0.12547522665374639,-0.42621637417649616,1.906822207030307,2.604616145485044,-0.8369916418016445,-0.8369916418016445
-0.9275133233923064,-1.0694015388578093,-0.7425477165231992,0.0,0.12547522665374639,-0.6769996676664752,0.17997253097703012,-0.437852564900843,-0.9718022112171607,-0.9718022112171607
-0.9257812723682312,-1.0694015388578093,-0.7425477165231992,0.0,0.12547522665374639,-0.6769996676664752,0.17997253097703012,-0.437852564900843,-0.9718022112171607,-0.9718022112171607
-0.9240492213441559,0.9342864839043443,0.7293585095525371,0.0,0.12547522665374639,1.176763326104046,-0.6512349623471219,-0.437852564900843,1.0705779154279094,1.0705779154279094
-0.9223171703200806,-1.0694015388578093,-0.7425477165231992,0.0,0.12547522665374639,-0.6769996676664752,0.17997253097703012,-0.40029122279731355,-0.9246185119217301,-0.9246185119217301
-0.9205851192960053,0.9342864839043443,0.7293585095525371,0.0,0.12547522665374639,1.176763326104046,-0.6512349623471219,-0.437852564900843,1.0705779154279094,1.0705779154279094
-0.91885306827193,0.9342864839043443,0.7293585095525371,0.0,0.12547522665374639,1.176763326104046,-0.6512349623471219,-0.437852564900843,1.0705779154279094,1.0705779154279094
-0.9171210172478548,0.9342864839043443,0.7293585095525371,0.0,0.12547522665374639,1.176763326104046,-0.6512349623471219,-0.437852564900843,1.0705779154279094,1.0705779154279094
-0.9153889662237795,0.9342864839043443,0.7293585095525371,0.0,0.12547522665374639,1.176763326104046,-0.6512349623471219,-0.437852564900843,1.0705779154279094,1.0705779154279094
-0.9136569151997043,0.9342864839043443,0.7293585095525371,0.0,0.12547522665374639,1.176763326104046,-0.6512349623471219,-0.437852564900843,1.0705779154279094,1.0705779154279094
-0.911924864175629,-1.0694015388578093,-0.7425477165231992,0.0,0.12547522665374639,-0.42621637417649616,1.906822207030307,2.604616145485044,-0.8369916418016445,-0.8369916418016445
-0.9101928131515538,-1.0694015388578093,-0.7425477165231992,0.0,0.12547522665374639,-0.42621637417649616,1.906822207030307,2.604616145485044,-0.8369916418016445,-0.8369916418016445
-0.9084607621274784,-1.0694015388578093,-0.7425477165231992,0.0,0.12547522665374639,-0.42621637417649616,1.906822207030307,2.604616145485044,-0.8369916418016445,-0.8369916418016445
-0.9067287111034031,0.9342864839043443,0.7293585095525371,0.0,0.12547522665374639,1.176763326104046,-0.6512349623471219,-0.437852564900843,1.0705779154279094,1.0705779154279094
-0.9049966600793279,0.9342864839043443,0.7293585095525371,0.0,0.12547522665374639,1.176763326104046,-0.6512349623471219,-0.437852564900843,1.0705779154279094,1.0705779154279094
-0.9032646090552526,0.934023014078866,0.7293585095525371,0.0,0.12547522665374639,-1.4903508897961373,-0.6447914934066246,-0.437852564900843,-0.9718022112171607,-0.9718022112171607
-0.9015325580311774,0.934023014078866,0.7293585095525371,0.0,0.12547522665374639,1.176763326104046,-0.6447914934066246,-0.437852564900843,-0.8774348126262994,-0.8774348126262994
-0.8998005070071021,-1.0694015388578093,-0.7425477165231992,0.0,0.12547522665374639,-0.6769996676664752,0.17997253097703012,-0.40029122279731355,-0.9223716690981381,-0.9223716690981381
-0.8980684559830269,-1.0694015388578093,-0.7425477165231992,0.0,0.12547522665374639,-1.2022889986252152,0.34105925448946267,-0.437852564900843,-0.9718022112171607,-0.9718022112171607
-0.8963364049589516,-1.0694015388578093,-0.7425477165231992,0.0,0.12547522665374639,-0.6769996676664752,-0.5803568040016515,-0.437852564900843,-0.9718022112171607,-0.9718022112171607
-0.8946043539348763,-1.0694015388578093,-0.7425477165231992,0.0,0.12547522665374639,-0.6769996676664752,0.17997253097703012,-0.40029122279731355,-0.9246185119217301,-0.9246185119217301
-0.892872302910801,-1.0694015388578093,-0.7425477165231992,0.0,0.12547522665374639,-0.6769996676664752,0.17997253097703012,-0.40029122279731355,-0.9223716690981381,-0.9223716690981381
-0.8911402518867257,-1.0694015388578093,-0.7425477165231992,0.0,0.12547522665374639,-0.6769996676664752,-0.5803568040016515,-0.437852564900843,-0.9718022112171607,-0.9718022112171607
-0.8894082008626505,0.9342864839043443,0.7293585095525371,0.0,0.12547522665374639,1.176763326104046,-0.6512349623471219,-0.437852564900843,1.0705779154279094,1.0705779154279094
-0.8876761498385752,0.9342864839043443,0.7293585095525371,0.0,0.12547522665374639,1.176763326104046,-0.6512349623471219,-0.437852564900843,1.0705779154279094,1.0705779154279094
-0.8859440988145,-1.0694015388578093,-0.7425477165231992,0.0,0.12547522665374639,-0.42621637417649616,1.906822207030307,2.604616145485044,-0.8369916418016445,-0.8369916418016445
-0.8842120477904247,-1.0694015388578093,-0.7425477165231992,0.0,0.12547522665374639,-0.42621637417649616,1.906822207030307,2.604616145485044,-0.8369916418016445,-0.8369916418016445
-0.8824799967663495,-1.0694015388578093,-0.7425477165231992,0.0,0.12547522665374639,-0.42621637417649616,1.906822207030307,2.604616145485044,-0.8369916418016445,-0.8369916418016445
-0.8807479457422741,0.9371846519846051,0.7293585095525371,0.0,0.12547522665374639,-0.8600036926456492,-0.6512349623471219,-0.437852564900843,1.0705779154279094,1.0705779154279094
-0.8790158947181989,0.9382385312865181,0.7293585095525371,0.0,0.12547522665374639,-0.8600036926456492,-0.6512349623471219,-0.437852564900843,1.0705779154279094,1.0705779154279094
-0.8772838436941236,0.936745535608808,0.7293585095525371,0.0,0.12547522665374639,-0.8600036926456492,-0.6512349623471219,-0.437852564900843,1.0705779154279094,1.0705779154279094
-0.8755517926700483,0.9342864839043443,0.7293585095525371,0.0,0.12547522665374639,1.176763326104046,-0.6190176176446354,-0.437852564900843,-0.9718022112171607,-0.9718022112171607
-0.8738197416459731,-1.0694015388578093,-0.7425477165231992,0.0,0.12547522665374639,-0.6769996676664752,-0.6190176176446354,-0.437852564900843,-0.9718022112171607,-0.9718022112171607
-0.8720876906218978,0.9370968287094458,0.7293585095525371,0.0,0.12547522665374639,-0.8600036926456492,-0.6512349623471219,-0.437852564900843,1.0705779154279094,1.0705779154279094
-0.8703556395978226,-1.0694015388578093,-0.7425477165231992,0.0,0.12547522665374639,-1.2022889986252152,0.34105925448946267,-0.437852564900843,-0.9718022112171607,-0.9718022112171607
-0.8686235885737472,0.9342864839043443,0.7293585095525371,0.0,0.12547522665374639,1.176763326104046,-0.6512349623471219,-0.437852564900843,1.0705779154279094,1.0705779154279094
-0.866891537549672,-1.0694015388578093,-0.7425477165231992,0.0,0.12547522665374639,-1.2022889986252152,-0.6190176176446354,-0.437852564900843,-0.9740490540407526,-0.9740490540407526
-0.8651594865255967,-1.0694015388578093,-0.7425477165231992,0.0,0.12547522665374639,-1.2022889986252152,-0.6190176176446354,-0.437852564900843,-0.9740490540407526,-0.9740490540407526
-0.8634274355015215,-1.0694015388578093,-0.7425477165231992,0.0,0.12547522665374639,-0.6769996676664752,-0.6190176176446354,-0.437852564900843,-0.9740490540407526,-0.9740490540407526
-0.8616953844774462,-1.0694015388578093,-0.7425477165231992,0.0,0.12547522665374639,-0.42621637417649616,1.906822207030307,2.604616145485044,-0.8369916418016445,-0.8369916418016445
-0.859963333453371,-1.0694015388578093,-0.7425477165231992,0.0,0.12547522665374639,-0.42621637417649616,1.906822207030307,2.604616145485044,-0.8369916418016445,-0.8369916418016445
-0.8582312824292957,-1.0694015388578093,-0.7425477165231992,0.0,0.12547522665374639,-0.42621637417649616,1.906822207030307,2.604616145485044,-0.8369916418016445,-0.8369916418016445
-0.8564992314052204,-1.0694015388578093,-0.7425477165231992,0.0,0.12547522665374639,-0.6769996676664752,-0.6190176176446354,-0.437852564900843,-0.9740490540407526,-0.9740490540407526
-0.8547671803811451,0.9342864839043443,0.7293585095525371,0.0,0.12547522665374639,1.176763326104046,-0.6512349623471219,-0.437852564900843,1.0705779154279094,1.0705779154279094
-0.8530351293570698,0.9342864839043443,0.7293585095525371,0.0,0.12547522665374639,1.176763326104046,-0.6512349623471219,-0.437852564900843,1.0705779154279094,1.0705779154279094
-0.8513030783329946,0.9342864839043443,0.7293585095525371,0.0,0.12547522665374639,-1.4937398532216775,-0.6447914934066246,0.31337427716974636,-0.9740490540407526,-0.9740490540407526
-0.8495710273089193,0.9342864839043443,0.7293585095525371,0.0,0.12547522665374639,1.176763326104046,-0.6447914934066246,-0.437852564900843,-0.8774348126262994,-0.8774348126262994
-0.8478389762848441,-1.0694015388578093,-0.7425477165231992,0.0,-7.969700686491185,-0.42621637417649616,1.906822207030307,0.6514263561015116,-0.9538274686284252,-0.9538274686284252
-0.8461069252607688,-1.0694015388578093,-0.7425477165231992,0.0,0.12547522665374639,-0.42621637417649616,1.906822207030307,0.6514263561015116,-0.9538274686284252,-0.9538274686284252
-0.8443748742366936,-1.0694015388578093,-0.7425477165231992,0.0,0.12547522665374639,-0.42621637417649616,1.906822207030307,0.31337427716974636,-0.9740490540407526,-0.9740490540407526
-0.8426428232126182,0.9342864839043443,0.7293585095525371,0.0,0.12547522665374639,1.176763326104046,-0.5803568040016515,-0.437852564900843,-0.8774348126262994,-0.8774348126262994
-0.8409107721885429,0.9342864839043443,0.7293585095525371,0.0,0.12547522665374639,1.176763326104046,-0.6512349623471219,-0.437852564900843,1.0705779154279094,1.0705779154279094
-0.8391787211644677,-1.0694015388578093,-0.7425477165231992,0.0,0.12547522665374639,-0.9955622296672595,-0.5803568040016515,-0.437852564900843,-0.9740490540407526,-0.9740490540407526
-0.8374466701403924,-1.0694015388578093,-0.7425477165231992,0.0,0.12547522665374639,-0.9955622296672595,-0.5803568040016515,-0.437852564900843,-0.9740490540407526,-0.9740490540407526
-0.8357146191163172,-1.0694015388578093,-0.7425477165231992,0.0,0.12547522665374639,-0.9955622296672595,-0.5803568040016515,-0.437852564900843,-0.9740490540407526,-0.9740490540407526
-0.8339825680922419,-1.0694015388578093,-0.7425477165231992,0.0,0.12547522665374639,-0.9955622296672595,-0.5803568040016515,-0.437852564900843,-0.9740490540407526,-0.9740490540407526
-0.8322505170681667,-1.0694015388578093,-0.7425477165231992,0.0,0.12547522665374639,-0.9955622296672595,-0.5803568040016515,-0.437852564900843,-0.9740490540407526,-0.9740490540407526
-0.8305184660440914,-1.0694015388578093,-0.7425477165231992,0.0,0.12547522665374639,-0.9955622296672595,-0.5803568040016515,-0.437852564900843,-0.9740490540407526,-0.9740490540407526
-0.828786415020016,-1.0694015388578093,-0.7425477165231992,0.0,0.12547522665374639,-0.9955622296672595,-0.5803568040016515,-0.437852564900843,-0.9740490540407526,-0.9740490540407526
-0.8270543639959408,-1.0694015388578093,-0.7425477165231992,0.0,0.12547522665374639,-0.9955622296672595,-0.5803568040016515,-0.437852564900843,-0.9740490540407526,-0.9740490540407526
-0.8253223129718655,0.9342864839043443,0.7293585095525371,0.0,0.12547522665374639,1.176763326104046,-0.6512349623471219,-0.437852564900843,1.0705779154279094,1.0705779154279094
-0.8235902619477903,0.9342864839043443,0.7293585095525371,0.0,0.12547522665374639,1.176763326104046,-0.6512349623471219,-0.437852564900843,1.0705779154279094,1.0705779154279094
-0.821858210923715,-1.0694015388578093,-0.7425477165231992,0.0,0.12547522665374639,-1.2022889986252152,-0.5803568040016515,-0.437852564900843,-0.9740490540407526,-0.9740490540407526
-0.8201261598996398,0.9342864839043443,0.7293585095525371,0.0,0.12547522665374639,1.176763326104046,-0.6512349623471219,-0.437852564900843,1.0705779154279094,1.0705779154279094
-0.8183941088755645,-1.0694015388578093,-0.7425477165231992,0.0,0.12547522665374639,-0.6769996676664752,0.34105925448946267,-0.437852564900843,-0.9740490540407526,-0.9740490540407526
-0.8166620578514892,0.9342864839043443,0.7293585095525371,0.0,0.12547522665374639,1.176763326104046,-0.6512349623471219,-0.437852564900843,1.0705779154279094,1.0705779154279094
-0.8149300068274139,0.9342864839043443,0.7293585095525371,0.0,0.12547522665374639,1.176763326104046,-0.6512349623471219,-0.437852564900843,1.0705779154279094,1.0705779154279094
-0.8131979558033386,0.9342864839043443,0.7293585095525371,0.0,0.12547522665374639,1.176763326104046,-0.6512349623471219,-0.437852564900843,1.0705779154279094,1.0705779154279094
-0.8114659047792634,0.9342864839043443,0.7293585095525371,0.0,0.12547522665374639,1.176763326104046,-0.6512349623471219,-0.437852564900843,1.0705779154279094,1.0705779154279094
-0.8097338537551881,0.9342864839043443,0.7293585095525371,0.0,0.12547522665374639,1.176763326104046,-0.6512349623471219,-0.437852564900843,1.0705779154279094,1.0705779154279094
-0.8080018027311129,0.9342864839043443,0.7293585095525371,0.0,0.12547522665374639,1.176763326104046,-0.6512349623471219,-0.437852564900843,1.0705779154279094,1.0705779154279094
-0.8062697517070376,0.9342864839043443,0.7293585095525371,0.0,0.12547522665374639,1.176763326104046,-0.6512349623471219,-0.437852564900843,1.0705779154279094,1.0705779154279094
-0.8045377006829624,0.9342864839043443,0.7293585095525371,0.0,0.12547522665374639,1.176763326104046,-0.6512349623471219,-0.437852564900843,1.0705779154279094,1.0705779154279094
-0.802805649658887,0.9342864839043443,0.7293585095525371,0.0,0.12547522665374639,1.176763326104046,-0.6512349623471219,-0.437852564900843,1.0705779154279094,1.0705779154279094
-0.8010735986348118,0.9342864839043443,0.7293585095525371,0.0,0.12547522665374639,1.176763326104046,-0.6512349623471219,-0.437852564900843,1.0705779154279094,1.0705779154279094
-0.7993415476107365,0.9342864839043443,0.7293585095525371,0.0,0.12547522665374639,1.176763326104046,-0.6512349623471219,-0.437852564900843,1.0705779154279094,1.0705779154279094
-0.7976094965866612,0.9342864839043443,0.7293585095525371,0.0,0.12547522665374639,1.176763326104046,-0.6512349623471219,-0.437852564900843,1.0705779154279094,1.0705779154279094
-0.795877445562586,0.9342864839043443,0.7293585095525371,0.0,0.12547522665374639,1.176763326104046,-0.6512349623471219,-0.437852564900843,1.0705779154279094,1.0705779154279094
-0.7941453945385107,0.9342864839043443,0.7293585095525371,0.0,0.12547522665374639,1.176763326104046,-0.6512349623471219,-0.437852564900843,1.0705779154279094,1.0705779154279094
-0.7924133435144355,0.9342864839043443,0.7293585095525371,0.0,0.12547522665374639,1.176763326104046,-0.6512349623471219,-0.437852564900843,1.0705779154279094,1.0705779154279094
-0.7906812924903601,-1.0694015388578093,-0.7425477165231992,0.0,0.12547522665374639,-0.42621637417649616,1.906822207030307,2.604616145485044,-0.8369916418016445,-0.8369916418016445
-0.7889492414662849,-1.0694015388578093,-0.7425477165231992,0.0,0.12547522665374639,-0.42621637417649616,1.906822207030307,2.604616145485044,-0.8369916418016445,-0.8369916418016445
-0.7872171904422096,-1.0694015388578093,-0.7425477165231992,0.0,0.12547522665374639,-0.42621637417649616,1.906822207030307,2.604616145485044,-0.8369916418016445,-0.8369916418016445
-0.7854851394181344,-1.0694015388578093,-0.7425477165231992,0.0,0.12547522665374639,-0.6769996676664752,0.17997253097703012,-0.437852564900843,-0.9718022112171607,-0.9718022112171607
-0.7837530883940591,-1.0694015388578093,-0.7425477165231992,0.0,0.12547522665374639,-0.6769996676664752,0.17997253097703012,-0.437852564900843,-0.9718022112171607,-0.9718022112171607
-0.7820210373699839,0.9342864839043443,0.7293585095525371,0.0,0.12547522665374639,1.176763326104046,-0.6512349623471219,-0.437852564900843,1.0705779154279094,1.0705779154279094
-0.7802889863459086,-1.0694015388578093,-0.7425477165231992,0.0,0.12547522665374639,-0.6769996676664752,0.17997253097703012,-0.40029122279731355,-0.9246185119217301,-0.9246185119217301
-0.7785569353218333,0.9342864839043443,0.7293585095525371,0.0,0.12547522665374639,1.176763326104046,-0.6512349623471219,-0.437852564900843,1.0705779154279094,1.0705779154279094
-0.776824884297758,0.9342864839043443,0.7293585095525371,0.0,0.12547522665374639,1.176763326104046,-0.6512349623471219,-0.437852564900843,1.0705779154279094,1.0705779154279094
-0.7750928332736827,0.9342864839043443,0.7293585095525371,0.0,0.12547522665374639,1.176763326104046,-0.6512349623471219,-0.437852564900843,1.0705779154279094,1.0705779154279094
-0.7733607822496075,0.9342864839043443,0.7293585095525371,0.0,0.12547522665374639,1.176763326104046,-0.6512349623471219,-0.437852564900843,1.0705779154279094,1.0705779154279094
-0.7716287312255322,0.9342864839043443,0.7293585095525371,0.0,0.12547522665374639,1.176763326104046,-0.6512349623471219,-0.437852564900843,1.0705779154279094,1.0705779154279094
-0.769896680201457,-1.0694015388578093,-0.7425477165231992,0.0,0.12547522665374639,-0.42621637417649616,1.906822207030307,2.604616145485044,-0.8369916418016445,-0.8369916418016445
-0.7681646291773817,-1.0694015388578093,-0.7425477165231992,0.0,0.12547522665374639,-0.42621637417649616,1.906822207030307,2.604616145485044,-0.8369916418016445,-0.8369916418016445
-0.7664325781533065,-1.0694015388578093,-0.7425477165231992,0.0,0.12547522665374639,-0.42621637417649616,1.906822207030307,2.604616145485044,-0.8369916418016445,-0.8369916418016445
-0.7647005271292311,0.9342864839043443,0.7293585095525371,0.0,0.12547522665374639,1.176763326104046,-0.6512349623471219,-0.437852564900843,1.0705779154279094,1.0705779154279094
-0.7629684761051558,0.9342864839043443,0.7293585095525371,0.0,0.12547522665374639,1.176763326104046,-0.6512349623471219,-0.437852564900843,1.0705779154279094,1.0705779154279094
-0.7612364250810806,-1.0694015388578093,-0.7425477165231992,0.0,0.12547522665374639,-1.3615702796256073,1.906822207030307,0.08800622454856954,-0.9875301109823043,-0.9875301109823043
-0.7595043740570053,0.9342864839043443,0.7293585095525371,0.0,0.12547522665374639,1.176763326104046,-0.6512349623471219,-0.437852564900843,1.0705779154279094,1.0705779154279094
-0.7577723230329301,-1.0694015388578093,-0.7425477165231992,0.0,0.12547522665374639,-1.3615702796256073,1.906822207030307,-0.13736182807260727,-0.9875301109823043,-0.9875301109823043
-0.7560402720088548,-1.0694015388578093,-0.7425477165231992,0.0,0.12547522665374639,-1.3615702796256073,1.906822207030307,-0.13736182807260727,-0.9875301109823043,-0.9875301109823043
-0.7543082209847796,-1.0694015388578093,-0.7425477165231992,0.0,0.12547522665374639,-1.3615702796256073,1.906822207030307,0.08800622454856954,-0.9875301109823043,-0.9875301109823043
-0.7525761699607043,0.9342864839043443,0.7293585095525371,0.0,0.12547522665374639,1.176763326104046,-0.6512349623471219,-0.437852564900843,1.0705779154279094,1.0705779154279094
-0.750844118936629,0.934023014078866,0.7293585095525371,0.0,0.12547522665374639,-1.4903508897961373,-0.6447914934066246,-0.437852564900843,-0.9718022112171607,-0.9718022112171607
-0.7491120679125537,0.934023014078866,0.7293585095525371,0.0,0.12547522665374639,1.176763326104046,-0.6447914934066246,-0.437852564900843,-0.8774348126262994,-0.8774348126262994
-0.7473800168884784,-1.0694015388578093,-0.7425477165231992,0.0,0.12547522665374639,-0.6769996676664752,0.17997253097703012,-0.40029122279731355,-0.9223716690981381,-0.9223716690981381
-0.7456479658644032,-1.0694015388578093,-0.7425477165231992,0.0,0.12547522665374639,-1.2022889986252152,0.34105925448946267,-0.437852564900843,-0.9718022112171607,-0.9718022112171607
-0.7439159148403279,-1.0694015388578093,-0.7425477165231992,0.0,0.12547522665374639,-0.6769996676664752,-0.5803568040016515,-0.437852564900843,-0.9718022112171607,-0.9718022112171607
-0.7421838638162527,-1.0694015388578093,-0.7425477165231992,0.0,0.12547522665374639,-0.6769996676664752,0.17997253097703012,-0.40029122279731355,-0.9246185119217301,-0.9246185119217301
-0.7404518127921774,-1.0694015388578093,-0.7425477165231992,0.0,0.12547522665374639,-0.6769996676664752,0.17997253097703012,-0.40029122279731355,-0.9223716690981381,-0.9223716690981381
-0.7387197617681022,-1.0694015388578093,-0.7425477165231992,0.0,0.12547522665374639,-0.6769996676664752,-0.5803568040016515,-0.437852564900843,-0.9718022112171607,-0.9718022112171607
-0.7369877107440268,0.9342864839043443,0.7293585095525371,0.0,0.12547522665374639,1.176763326104046,-0.6512349623471219,-0.437852564900843,1.0705779154279094,1.0705779154279094
-0.7352556597199515,0.9342864839043443,0.7293585095525371,0.0,0.12547522665374639,1.176763326104046,-0.6512349623471219,-0.437852564900843,1.0705779154279094,1.0705779154279094
-0.7335236086958763,-1.0694015388578093,-0.7425477165231992,0.0,0.12547522665374639,-0.42621637417649616,1.906822207030307,2.604616145485044,-0.8369916418016445,-0.8369916418016445
-0.731791557671801,-1.0694015388578093,-0.7425477165231992,0.0,0.12547522665374639,-0.42621637417649616,1.906822207030307,2.604616145485044,-0.8369916418016445,-0.8369916418016445
-0.7300595066477258,-1.0694015388578093,-0.7425477165231992,0.0,0.12547522665374639,-0.42621637417649616,1.906822207030307,2.604616145485044,-0.8369916418016445,-0.8369916418016445
-0.7283274556236505,0.9370968287094458,0.7293585095525371,0.0,0.12547522665374639,-0.8600036926456492,-0.6512349623471219,-0.437852564900843,1.0705779154279094,1.0705779154279094
-0.7265954045995753,0.9375359450852429,0.7293585095525371,0.0,0.12547522665374639,-0.8600036926456492,-0.6512349623471219,-0.437852564900843,1.0705779154279094,1.0705779154279094
-0.7248633535754999,0.9379750614610399,0.7293585095525371,0.0,0.12547522665374639,-0.8600036926456492,-0.6512349623471219,-0.437852564900843,1.0705779154279094,1.0705779154279094
-0.7231313025514247,-1.0694015388578093,-0.7425477165231992,0.0,0.12547522665374639,-0.42621637417649616,1.906822207030307,2.604616145485044,-0.8369916418016445,-0.8369916418016445
-0.7213992515273494,-1.0694015388578093,-0.7425477165231992,0.0,0.12547522665374639,-0.42621637417649616,1.906822207030307,2.604616145485044,-0.8369916418016445,-0.8369916418016445
-0.7196672005032742,-1.0694015388578093,-0.7425477165231992,0.0,0.12547522665374639,-0.42621637417649616,1.906822207030307,2.604616145485044,-0.8369916418016445,-0.8369916418016445
-0.7179351494791989,0.9369211821591269,0.7293585095525371,0.0,0.12547522665374639,-0.8600036926456492,-0.6512349623471219,-0.437852564900843,1.0705779154279094,1.0705779154279094
-0.7162030984551236,0.9342864839043443,0.7293585095525371,0.0,0.12547522665374639,1.176763326104046,-0.6190176176446354,-0.437852564900843,-0.9718022112171607,-0.9718022112171607
-0.7144710474310484,0.937799414910721,0.7293585095525371,0.0,0.12547522665374639,-0.8600036926456492,-0.6512349623471219,-0.437852564900843,1.0705779154279094,1.0705779154279094
-0.7127389964069731,-1.0694015388578093,-0.7425477165231992,0.0,0.12547522665374639,-0.6769996676664752,-0.6190176176446354,-0.437852564900843,-0.9718022112171607,-0.9718022112171607
-0.7110069453828978,-1.0694015388578093,-0.7425477165231992,0.0,0.12547522665374639,-1.2022889986252152,0.34105925448946267,-0.437852564900843,-0.9718022112171607,-0.9718022112171607
-0.7092748943588225,0.9342864839043443,0.7293585095525371,0.0,0.12547522665374639,1.176763326104046,-0.6512349623471219,-0.437852564900843,1.0705779154279094,1.0705779154279094
-0.7075428433347473,0.9381507080113588,0.7293585095525371,0.0,0.12547522665374639,-0.8600036926456492,-0.6512349623471219,-0.437852564900843,1.0705779154279094,1.0705779154279094
-0.705810792310672,-1.0694015388578093,-0.7425477165231992,0.0,0.12547522665374639,-1.2022889986252152,-0.6190176176446354,-0.437852564900843,-0.9740490540407526,-0.9740490540407526
-0.7040787412865968,-1.0694015388578093,-0.7425477165231992,0.0,0.12547522665374639,-1.2022889986252152,-0.6190176176446354,-0.437852564900843,-0.9740490540407526,-0.9740490540407526
-0.7023466902625215,-1.0694015388578093,-0.7425477165231992,0.0,0.12547522665374639,-0.6769996676664752,-0.6190176176446354,-0.437852564900843,-0.9740490540407526,-0.9740490540407526
-0.7006146392384462,0.9342864839043443,0.7293585095525371,0.0,0.12547522665374639,1.176763326104046,-0.6512349623471219,-0.437852564900843,1.0705779154279094,1.0705779154279094
-0.6988825882143709,-1.0694015388578093,-0.7425477165231992,0.0,0.12547522665374639,-0.6769996676664752,-0.6190176176446354,-0.437852564900843,-0.9740490540407526,-0.9740490540407526
-0.6971505371902956,0.9342864839043443,0.7293585095525371,0.0,0.12547522665374639,1.176763326104046,-0.6512349623471219,-0.437852564900843,1.0705779154279094,1.0705779154279094
-0.6954184861662204,0.9342864839043443,0.7293585095525371,0.0,0.12547522665374639,-1.4937398532216775,-0.6447914934066246,0.31337427716974636,-0.9740490540407526,-0.9740490540407526
-0.6936864351421451,0.9342864839043443,0.7293585095525371,0.0,0.12547522665374639,1.176763326104046,-0.6447914934066246,-0.437852564900843,-0.8774348126262994,-0.8774348126262994
-0.6919543841180699,-1.0694015388578093,-0.7425477165231992,0.0,-7.969700686491185,-0.42621637417649616,1.906822207030307,0.6514263561015116,-0.9538274686284252,-0.9538274686284252
-0.6902223330939946,-1.0694015388578093,-0.7425477165231992,0.0,0.12547522665374639,-0.42621637417649616,1.906822207030307,0.6514263561015116,-0.9538274686284252,-0.9538274686284252
-0.6884902820699194,-1.0694015388578093,-0.7425477165231992,0.0,0.12547522665374639,-0.42621637417649616,1.906822207030307,-0.13736182807260727,-1.0010111679238558,-1.0010111679238558
-0.6867582310458441,-1.0694015388578093,-0.7425477165231992,0.0,-7.969700686491185,-0.42621637417649616,1.906822207030307,0.6514263561015116,-0.9538274686284252,-0.9538274686284252
-0.6850261800217687,-1.0694015388578093,-0.7425477165231992,0.0,0.12547522665374639,-0.42621637417649616,1.906822207030307,0.6514263561015116,-0.9538274686284252,-0.9538274686284252
-0.6832941289976935,-1.0694015388578093,-0.7425477165231992,0.0,0.12547522665374639,-0.42621637417649616,1.906822207030307,0.31337427716974636,-0.9740490540407526,-0.9740490540407526
-0.6815620779736182,0.9342864839043443,0.7293585095525371,0.0,0.12547522665374639,1.176763326104046,-0.5803568040016515,-0.437852564900843,-0.8774348126262994,-0.8774348126262994
-0.679830026949543,0.9342864839043443,0.7293585095525371,0.0,0.12547522665374639,1.176763326104046,-0.6512349623471219,-0.437852564900843,1.0705779154279094,1.0705779154279094
-0.6780979759254677,-1.0694015388578093,-0.7425477165231992,0.0,0.12547522665374639,-0.9955622296672595,-0.5803568040016515,-0.437852564900843,-0.9740490540407526,-0.9740490540407526
-0.6763659249013925,-1.0694015388578093,-0.7425477165231992,0.0,0.12547522665374639,-0.9955622296672595,-0.5803568040016515,-0.437852564900843,-0.9740490540407526,-0.9740490540407526
-0.6746338738773172,-1.0694015388578093,-0.7425477165231992,0.0,0.12547522665374639,-0.9955622296672595,-0.5803568040016515,-0.437852564900843,-0.9740490540407526,-0.9740490540407526
-0.6729018228532418,-1.0694015388578093,-0.7425477165231992,0.0,0.12547522665374639,-0.9955622296672595,-0.5803568040016515,-0.437852564900843,-0.9740490540407526,-0.9740490540407526
-0.6711697718291666,-1.0694015388578093,-0.7425477165231992,0.0,0.12547522665374639,-0.9955622296672595,-0.5803568040016515,-0.437852564900843,-0.9740490540407526,-0.9740490540407526
-0.6694377208050913,-1.0694015388578093,-0.7425477165231992,0.0,0.12547522665374639,-0.9955622296672595,-0.5803568040016515,-0.437852564900843,-0.9740490540407526,-0.9740490540407526
-0.6677056697810161,-1.0694015388578093,-0.7425477165231992,0.0,0.12547522665374639,-0.9955622296672595,-0.5803568040016515,-0.437852564900843,-0.9740490540407526,-0.9740490540407526
-0.6659736187569408,-1.0694015388578093,-0.7425477165231992,0.0,0.12547522665374639,-0.9955622296672595,-0.5803568040016515,-0.437852564900843,-0.9740490540407526,-0.9740490540407526
-0.6642415677328656,0.9342864839043443,0.7293585095525371,0.0,0.12547522665374639,1.176763326104046,-0.6512349623471219,-0.437852564900843,1.0705779154279094,1.0705779154279094
-0.6625095167087903,0.9342864839043443,0.7293585095525371,0.0,0.12547522665374639,1.176763326104046,-0.6512349623471219,-0.437852564900843,1.0705779154279094,1.0705779154279094
-0.6607774656847151,-1.0694015388578093,-0.7425477165231992,0.0,0.12547522665374639,-1.2022889986252152,-0.5803568040016515,-0.437852564900843,-0.9740490540407526,-0.9740490540407526
-0.6590454146606397,0.9342864839043443,0.7293585095525371,0.0,0.12547522665374639,1.176763326104046,-0.6512349623471219,-0.437852564900843,1.0705779154279094,1.0705779154279094
-0.6573133636365645,0.9342864839043443,0.7293585095525371,0.0,0.12547522665374639,1.176763326104046,-0.6512349623471219,-0.437852564900843,1.0705779154279094,1.0705779154279094
-0.6555813126124892,-1.0694015388578093,-0.7425477165231992,0.0,0.12547522665374639,-0.6769996676664752,0.34105925448946267,-0.437852564900843,-0.9740490540407526,-0.9740490540407526
-0.6538492615884139,0.9342864839043443,0.7293585095525371,0.0,0.12547522665374639,1.176763326104046,-0.6512349623471219,-0.437852564900843,1.0705779154279094,1.0705779154279094
-0.6521172105643387,0.9342864839043443,0.7293585095525371,0.0,0.12547522665374639,1.176763326104046,-0.6512349623471219,-0.40029122279731355,1.0705779154279094,1.0705779154279094
-0.6503851595402634,0.9342864839043443,0.7293585095525371,0.0,0.12547522665374639,1.176763326104046,-0.6512349623471219,-0.437852564900843,1.0705779154279094,1.0705779154279094
-0.6486531085161882,0.9342864839043443,0.7293585095525371,0.0,0.12547522665374639,1.176763326104046,-0.6512349623471219,-0.437852564900843,1.0705779154279094,1.0705779154279094
-0.6469210574921128,0.9342864839043443,0.7293585095525371,0.0,0.12547522665374639,1.176763326104046,-0.6512349623471219,-0.437852564900843,1.0705779154279094,1.0705779154279094
-0.6451890064680376,0.9342864839043443,0.7293585095525371,0.0,0.12547522665374639,1.176763326104046,-0.6512349623471219,-0.437852564900843,1.0705779154279094,1.0705779154279094
-0.6434569554439623,0.9342864839043443,0.7293585095525371,0.0,0.12547522665374639,1.176763326104046,-0.6512349623471219,-0.437852564900843,1.0705779154279094,1.0705779154279094
-0.641724904419887,0.9342864839043443,0.7293585095525371,0.0,0.12547522665374639,1.176763326104046,-0.6512349623471219,-0.437852564900843,1.0705779154279094,1.0705779154279094
-0.6399928533958118,0.9342864839043443,0.7293585095525371,0.0,0.12547522665374639,1.176763326104046,-0.6512349623471219,-0.437852564900843,1.0705779154279094,1.0705779154279094
-0.6382608023717365,0.9342864839043443,0.7293585095525371,0.0,0.12547522665374639,1.176763326104046,-0.6512349623471219,-0.437852564900843,1.0705779154279094,1.0705779154279094
-0.6365287513476613,-1.0694015388578093,-0.7425477165231992,0.0,0.12547522665374639,-0.42621637417649616,1.906822207030307,2.604616145485044,-0.8369916418016445,-0.8369916418016445
-0.634796700323586,-1.0694015388578093,-0.7425477165231992,0.0,0.12547522665374639,-0.42621637417649616,1.906822207030307,2.604616145485044,-0.8369916418016445,-0.8369916418016445
-0.6330646492995107,0.9342864839043443,0.7293585095525371,0.0,0.12547522665374639,1.176763326104046,-0.6512349623471219,-0.437852564900843,1.0705779154279094,1.0705779154279094
-0.6313325982754354,-1.0694015388578093,-0.7425477165231992,0.0,0.12547522665374639,-0.42621637417649616,1.906822207030307,2.604616145485044,-0.8369916418016445,-0.8369916418016445
-0.6296005472513602,0.9342864839043443,0.7293585095525371,0.0,0.12547522665374639,1.176763326104046,-0.6512349623471219,-0.437852564900843,1.0705779154279094,1.0705779154279094
-0.6278684962272849,0.9342864839043443,0.7293585095525371,0.0,0.12547522665374639,1.176763326104046,-0.6512349623471219,-0.437852564900843,1.0705779154279094,1.0705779154279094
-0.6261364452032097,0.9342864839043443,0.7293585095525371,0.0,0.12547522665374639,1.176763326104046,-0.6512349623471219,-0.437852564900843,1.0705779154279094,1.0705779154279094
-0.6244043941791344,-1.0694015388578093,-0.7425477165231992,0.0,0.12547522665374639,-0.6769996676664752,0.17997253097703012,-0.437852564900843,-0.9718022112171607,-0.9718022112171607
-0.6226723431550591,-1.0694015388578093,-0.7425477165231992,0.0,0.12547522665374639,-0.6769996676664752,0.17997253097703012,-0.437852564900843,-0.9718022112171607,-0.9718022112171607
-0.6209402921309838,-1.0694015388578093,-0.7425477165231992,0.0,0.12547522665374639,-0.6769996676664752,0.17997253097703012,-0.40029122279731355,-0.9246185119217301,-0.9246185119217301
-0.6192082411069085,0.9342864839043443,0.7293585095525371,0.0,0.12547522665374639,1.176763326104046,-0.6512349623471219,-0.437852564900843,1.0705779154279094,1.0705779154279094
-0.6174761900828333,0.9342864839043443,0.7293585095525371,0.0,0.12547522665374639,1.176763326104046,-0.6512349623471219,-0.437852564900843,1.0705779154279094,1.0705779154279094
-0.615744139058758,0.9342864839043443,0.7293585095525371,0.0,0.12547522665374639,1.176763326104046,-0.6512349623471219,-0.437852564900843,1.0705779154279094,1.0705779154279094
-0.6140120880346828,0.9342864839043443,0.7293585095525371,0.0,0.12547522665374639,1.176763326104046,-0.6512349623471219,-0.437852564900843,1.0705779154279094,1.0705779154279094
-0.6122800370106075,-1.0694015388578093,-0.7425477165231992,0.0,0.12547522665374639,-0.42621637417649616,1.906822207030307,2.604616145485044,-0.8369916418016445,-0.8369916418016445
-0.6105479859865323,-1.0694015388578093,-0.7425477165231992,0.0,0.12547522665374639,-0.42621637417649616,1.906822207030307,2.604616145485044,-0.8369916418016445,-0.8369916418016445
-0.608815934962457,-1.0694015388578093,-0.7425477165231992,0.0,0.12547522665374639,-0.42621637417649616,1.906822207030307,2.604616145485044,-0.8369916418016445,-0.8369916418016445
-0.6070838839383816,0.9342864839043443,0.7293585095525371,0.0,0.12547522665374639,1.176763326104046,-0.6512349623471219,-0.437852564900843,1.0705779154279094,1.0705779154279094
-0.6053518329143064,0.9342864839043443,0.7293585095525371,0.0,0.12547522665374639,1.176763326104046,-0.6512349623471219,-0.437852564900843,1.0705779154279094,1.0705779154279094
-0.6036197818902311,0.9342864839043443,0.7293585095525371,0.0,0.12547522665374639,1.176763326104046,-0.6512349623471219,-0.437852564900843,1.0705779154279094,1.0705779154279094
-0.6018877308661559,0.9342864839043443,0.7293585095525371,0.0,0.12547522665374639,1.176763326104046,-0.6512349623471219,-0.437852564900843,1.0705779154279094,1.0705779154279094
-0.6001556798420806,0.9347256002801414,0.7293585095525371,0.0,0.12547522665374639,1.176763326104046,-0.6512349623471219,-0.437852564900843,1.0705779154279094,1.0705779154279094
-0.5984236288180054,0.956417949244518,-11.474714372791954,0.0,0.12547522665374639,-1.541185341179241,-0.6512349623471219,-0.28760719648672517,-1.0099985392182236,-1.0099985392182236
-0.5966915777939301,0.9342864839043443,0.7293585095525371,0.0,0.12547522665374639,1.176763326104046,-0.6512349623471219,-0.437852564900843,1.0705779154279094,1.0705779154279094
-0.5949595267698549,0.9342864839043443,0.7293585095525371,0.0,0.12547522665374639,1.176763326104046,-0.6512349623471219,-0.437852564900843,1.0705779154279094,1.0705779154279094
-0.5932274757457795,0.934023014078866,0.7293585095525371,0.0,0.12547522665374639,-1.4903508897961373,-0.6447914934066246,-0.437852564900843,-0.9718022112171607,-0.9718022112171607
-0.5914954247217042,0.934023014078866,0.7293585095525371,0.0,0.12547522665374639,1.176763326104046,-0.6447914934066246,-0.437852564900843,-0.8774348126262994,-0.8774348126262994
-0.589763373697629,-1.0694015388578093,-0.7425477165231992,0.0,0.12547522665374639,-0.6769996676664752,0.17997253097703012,-0.40029122279731355,-0.9223716690981381,-0.9223716690981381
-0.5880313226735537,-1.0694015388578093,-0.7425477165231992,0.0,0.12547522665374639,-1.2022889986252152,0.34105925448946267,-0.437852564900843,-0.9718022112171607,-0.9718022112171607
-0.5862992716494785,-1.0694015388578093,-0.7425477165231992,0.0,0.12547522665374639,-0.6769996676664752,-0.5803568040016515,-0.437852564900843,-0.9718022112171607,-0.9718022112171607
-0.5845672206254032,-1.0694015388578093,-0.7425477165231992,0.0,0.12547522665374639,-0.6769996676664752,0.17997253097703012,-0.40029122279731355,-0.9246185119217301,-0.9246185119217301
-0.582835169601328,-1.0694015388578093,-0.7425477165231992,0.0,0.12547522665374639,-0.6769996676664752,0.17997253097703012,-0.40029122279731355,-0.9223716690981381,-0.9223716690981381
-0.5811031185772526,-1.0694015388578093,-0.7425477165231992,0.0,0.12547522665374639,-0.42621637417649616,1.906822207030307,2.604616145485044,-0.8369916418016445,-0.8369916418016445
-0.5793710675531774,-1.0694015388578093,-0.7425477165231992,0.0,0.12547522665374639,-0.42621637417649616,1.906822207030307,2.604616145485044,-0.8369916418016445,-0.8369916418016445
-0.5776390165291021,-1.0694015388578093,-0.7425477165231992,0.0,0.12547522665374639,-0.6769996676664752,-0.5803568040016515,-0.437852564900843,-0.9718022112171607,-0.9718022112171607
-0.5759069655050268,-1.0694015388578093,-0.7425477165231992,0.0,0.12547522665374639,-0.42621637417649616,1.906822207030307,2.604616145485044,-0.8369916418016445,-0.8369916418016445
-0.5741749144809516,0.9342864839043443,0.7293585095525371,0.0,0.12547522665374639,1.176763326104046,-0.6512349623471219,-0.437852564900843,1.0705779154279094,1.0705779154279094
-0.5724428634568763,0.9342864839043443,0.7293585095525371,0.0,0.12547522665374639,1.176763326104046,-0.6512349623471219,-0.437852564900843,1.0705779154279094,1.0705779154279094
-0.5707108124328011,-1.0694015388578093,-0.7425477165231992,0.0,0.12547522665374639,-0.42621637417649616,1.906822207030307,2.604616145485044,-0.8369916418016445,-0.8369916418016445
-0.5689787614087258,-1.0694015388578093,-0.7425477165231992,0.0,0.12547522665374639,-0.42621637417649616,1.906822207030307,2.604616145485044,-0.8369916418016445,-0.8369916418016445
-0.5672467103846505,-1.0694015388578093,-0.7425477165231992,0.0,0.12547522665374639,-0.42621637417649616,1.906822207030307,2.604616145485044,-0.8369916418016445,-0.8369916418016445
-0.5655146593605752,0.9368333588839675,0.7293585095525371,0.0,0.12547522665374639,-0.8600036926456492,-0.6512349623471219,-0.437852564900843,1.0705779154279094,1.0705779154279094
-0.5637826083365,0.9381507080113588,0.7293585095525371,0.0,0.12547522665374639,-0.8600036926456492,-0.6512349623471219,-0.437852564900843,1.0705779154279094,1.0705779154279094
-0.5620505573124247,0.9381507080113588,0.7293585095525371,0.0,0.12547522665374639,-0.8600036926456492,0.34105925448946267,-0.437852564900843,1.0705779154279094,1.0705779154279094
-0.5603185062883494,0.937799414910721,0.7293585095525371,0.0,0.12547522665374639,-0.8600036926456492,-0.6512349623471219,-0.437852564900843,1.0705779154279094,1.0705779154279094
-0.5585864552642742,0.937799414910721,0.7293585095525371,0.0,0.12547522665374639,-0.8600036926456492,0.34105925448946267,-0.437852564900843,1.0705779154279094,1.0705779154279094
-0.5568544042401989,0.9385898243871559,0.7293585095525371,0.0,0.12547522665374639,-0.8600036926456492,-0.6512349623471219,-0.437852564900843,1.0705779154279094,1.0705779154279094
-0.5551223532161236,0.9385898243871559,0.7293585095525371,0.0,0.12547522665374639,-0.8600036926456492,0.34105925448946267,-0.437852564900843,1.0705779154279094,1.0705779154279094
-0.5533903021920483,0.9379750614610399,0.7293585095525371,0.0,0.12547522665374639,-0.8600036926456492,-0.6512349623471219,-0.437852564900843,1.0705779154279094,1.0705779154279094
-0.5516582511679731,0.9368333588839675,0.7293585095525371,0.0,0.12547522665374639,-0.8600036926456492,0.34105925448946267,-0.437852564900843,1.0705779154279094,1.0705779154279094
-0.5499262001438978,0.9368333588839675,0.7293585095525371,0.0,0.12547522665374639,-0.8600036926456492,0.34105925448946267,-0.437852564900843,1.0705779154279094,1.0705779154279094
-0.5481941491198226,0.9342864839043443,0.7293585095525371,0.0,0.12547522665374639,1.176763326104046,-0.6190176176446354,-0.437852564900843,-0.9718022112171607,-0.9718022112171607
-0.5464620980957473,-1.0694015388578093,-0.7425477165231992,0.0,0.12547522665374639,-0.6769996676664752,-0.6190176176446354,-0.437852564900843,-0.9718022112171607,-0.9718022112171607
-0.544730047071672,0.9382385312865181,0.7293585095525371,0.0,0.12547522665374639,-0.8600036926456492,-0.6512349623471219,-0.437852564900843,1.0705779154279094,1.0705779154279094
-0.5429979960475968,-1.0694015388578093,-0.7425477165231992,0.0,0.12547522665374639,-1.2022889986252152,0.34105925448946267,-0.437852564900843,-0.9718022112171607,-0.9718022112171607
-0.5412659450235214,0.9342864839043443,0.7293585095525371,0.0,0.12547522665374639,1.176763326104046,-0.6512349623471219,-0.437852564900843,1.0705779154279094,1.0705779154279094
-0.5395338939994462,-1.0694015388578093,-0.7425477165231992,0.0,0.12547522665374639,-1.2022889986252152,-0.6190176176446354,-0.437852564900843,-0.9740490540407526,-0.9740490540407526
-0.5378018429753709,-1.0694015388578093,-0.7425477165231992,0.0,0.12547522665374639,-1.2022889986252152,-0.6190176176446354,-0.437852564900843,-0.9740490540407526,-0.9740490540407526
-0.5360697919512957,-1.0694015388578093,-0.7425477165231992,0.0,0.12547522665374639,-0.6769996676664752,-0.6190176176446354,-0.437852564900843,-0.9740490540407526,-0.9740490540407526
-0.5343377409272204,0.9342864839043443,0.7293585095525371,0.0,0.12547522665374639,1.176763326104046,-0.6512349623471219,-0.437852564900843,1.0705779154279094,1.0705779154279094
-0.5326056899031452,-1.0694015388578093,-0.7425477165231992,0.0,0.12547522665374639,-0.6769996676664752,-0.6190176176446354,-0.437852564900843,-0.9740490540407526,-0.9740490540407526
-0.5308736388790699,-1.0694015388578093,-0.7425477165231992,0.0,-7.969700686491185,-0.42621637417649616,1.906822207030307,0.6514263561015116,-0.9538274686284252,-0.9538274686284252
-0.5291415878549945,-1.0694015388578093,-0.7425477165231992,0.0,0.12547522665374639,-0.42621637417649616,1.906822207030307,0.6514263561015116,-0.9538274686284252,-0.9538274686284252
-0.5274095368309193,-1.0694015388578093,-0.7425477165231992,0.0,0.12547522665374639,-0.42621637417649616,1.906822207030307,0.31337427716974636,-0.9740490540407526,-0.9740490540407526
-0.525677485806844,0.9342864839043443,0.7293585095525371,0.0,0.12547522665374639,1.176763326104046,-0.6512349623471219,-0.437852564900843,1.0705779154279094,1.0705779154279094
-0.5239454347827688,0.9342864839043443,0.7293585095525371,0.0,0.12547522665374639,-1.4937398532216775,-0.6447914934066246,0.31337427716974636,-0.9740490540407526,-0.9740490540407526
-0.5222133837586935,0.9342864839043443,0.7293585095525371,0.0,0.12547522665374639,1.176763326104046,-0.6447914934066246,-0.437852564900843,-0.8774348126262994,-0.8774348126262994
-0.5204813327346183,0.9337595442533878,0.7293585095525371,0.0,0.12547522665374639,1.176763326104046,-0.6512349623471219,-0.437852564900843,1.0705779154279094,1.0705779154279094
-0.518749281710543,0.9337595442533878,0.7293585095525371,0.0,0.12547522665374639,1.176763326104046,-0.6512349623471219,-0.437852564900843,1.0705779154279094,1.0705779154279094
-0.5170172306864678,0.9337595442533878,0.7293585095525371,0.0,0.12547522665374639,1.176763326104046,-0.6512349623471219,-0.437852564900843,1.0705779154279094,1.0705779154279094
-0.5152851796623924,-1.0694015388578093,-0.7425477165231992,0.0,0.12547522665374639,-1.3615702796256073,1.906822207030307,0.08800622454856954,-0.9875301109823043,-0.9875301109823043
-0.5135531286383171,-1.0694015388578093,-0.7425477165231992,0.0,0.12547522665374639,-1.3615702796256073,1.906822207030307,-0.25004585438319565,-0.9875301109823043,-0.9875301109823043
-0.5118210776142419,-1.0694015388578093,-0.7425477165231992,0.0,0.12547522665374639,-1.3615702796256073,1.906822207030307,-0.25004585438319565,-0.9875301109823043,-0.9875301109823043
-0.5100890265901666,-1.0694015388578093,-0.7425477165231992,0.0,0.12547522665374639,-1.3615702796256073,1.906822207030307,0.08800622454856954,-0.9875301109823043,-0.9875301109823043
-0.5083569755660914,0.9342864839043443,0.7293585095525371,0.0,0.12547522665374639,1.176763326104046,-0.5803568040016515,-0.437852564900843,-0.8774348126262994,-0.8774348126262994
-0.5066249245420161,0.9342864839043443,0.7293585095525371,0.0,0.12547522665374639,1.176763326104046,-0.6512349623471219,-0.437852564900843,1.0705779154279094,1.0705779154279094
-0.5048928735179409,-1.0694015388578093,-0.7425477165231992,0.0,0.12547522665374639,-0.9955622296672595,-0.5803568040016515,-0.437852564900843,-0.9740490540407526,-0.9740490540407526
-0.5031608224938655,-1.0694015388578093,-0.7425477165231992,0.0,0.12547522665374639,-0.9955622296672595,-0.5803568040016515,-0.437852564900843,-0.9740490540407526,-0.9740490540407526
-0.5014287714697903,-1.0694015388578093,-0.7425477165231992,0.0,0.12547522665374639,-0.9955622296672595,-0.5803568040016515,-0.437852564900843,-0.9740490540407526,-0.9740490540407526
-0.499696720445715,-1.0694015388578093,-0.7425477165231992,0.0,0.12547522665374639,-0.9955622296672595,-0.5803568040016515,-0.437852564900843,-0.9740490540407526,-0.9740490540407526
-0.49796466942163975,-1.0694015388578093,-0.7425477165231992,0.0,0.12547522665374639,-0.9955622296672595,-0.5803568040016515,-0.437852564900843,-0.9740490540407526,-0.9740490540407526
-0.4962326183975645,-1.0694015388578093,-0.7425477165231992,0.0,0.12547522665374639,-0.9955622296672595,-0.5803568040016515,-0.437852564900843,-0.9740490540407526,-0.9740490540407526
-0.49450056737348924,-1.0694015388578093,-0.7425477165231992,0.0,0.12547522665374639,-0.9955622296672595,-0.5803568040016515,-0.437852564900843,-0.9740490540407526,-0.9740490540407526
-0.49276851634941393,-1.0694015388578093,-0.7425477165231992,0.0,0.12547522665374639,-0.9955622296672595,-0.5803568040016515,-0.437852564900843,-0.9740490540407526,-0.9740490540407526
-0.4910364653253387,0.9342864839043443,0.7293585095525371,0.0,0.12547522665374639,1.176763326104046,-0.6512349623471219,-0.437852564900843,1.0705779154279094,1.0705779154279094
-0.4893044143012634,0.9342864839043443,0.7293585095525371,0.0,0.12547522665374639,1.176763326104046,-0.6512349623471219,-0.437852564900843,1.0705779154279094,1.0705779154279094
-0.48757236327718817,-1.0694015388578093,-0.7425477165231992,0.0,0.12547522665374639,-1.2022889986252152,-0.5803568040016515,-0.437852564900843,-0.9740490540407526,-0.9740490540407526
-0.48584031225311286,0.9342864839043443,0.7293585095525371,0.0,0.12547522665374639,1.176763326104046,-0.6512349623471219,-0.437852564900843,1.0705779154279094,1.0705779154279094
-0.4841082612290376,-1.0694015388578093,-0.7425477165231992,0.0,0.12547522665374639,-0.6769996676664752,0.34105925448946267,-0.437852564900843,-0.9740490540407526,-0.9740490540407526
-0.48237621020496235,0.9342864839043443,0.7293585095525371,0.0,0.12547522665374639,1.176763326104046,-0.6512349623471219,-0.437852564900843,1.0705779154279094,1.0705779154279094
-0.4806441591808871,0.9342864839043443,0.7293585095525371,0.0,0.12547522665374639,1.176763326104046,-0.6512349623471219,-0.437852564900843,1.0705779154279094,1.0705779154279094
-0.4789121081568118,0.9342864839043443,0.7293585095525371,0.0,0.12547522665374639,1.176763326104046,-0.6512349623471219,-0.437852564900843,1.0705779154279094,1.0705779154279094
-0.47718005713273653,0.9342864839043443,0.7293585095525371,0.0,0.12547522665374639,1.176763326104046,-0.6512349623471219,-0.437852564900843,1.0705779154279094,1.0705779154279094
-0.4754480061086613,0.9342864839043443,0.7293585095525371,0.0,0.12547522665374639,1.176763326104046,-0.6512349623471219,-0.437852564900843,1.0705779154279094,1.0705779154279094
-0.47371595508458597,0.9342864839043443,0.7293585095525371,0.0,0.12547522665374639,1.176763326104046,-0.6512349623471219,-0.437852564900843,1.0705779154279094,1.0705779154279094
-0.4719839040605107,0.9342864839043443,0.7293585095525371,0.0,0.12547522665374639,1.176763326104046,-0.6512349623471219,-0.437852564900843,1.0705779154279094,1.0705779154279094
-0.47025185303643546,0.9342864839043443,0.7293585095525371,0.0,0.12547522665374639,1.176763326104046,-0.6512349623471219,-0.437852564900843,1.0705779154279094,1.0705779154279094
-0.4685198020123602,0.9342864839043443,0.7293585095525371,0.0,0.12547522665374639,1.176763326104046,-0.6512349623471219,-0.437852564900843,1.0705779154279094,1.0705779154279094
-0.4667877509882849,0.9342864839043443,0.7293585095525371,0.0,0.12547522665374639,1.176763326104046,-0.6512349623471219,-0.437852564900843,1.0705779154279094,1.0705779154279094
-0.46505569996420965,0.9342864839043443,0.7293585095525371,0.0,0.12547522665374639,1.176763326104046,-0.6512349623471219,-0.437852564900843,1.0705779154279094,1.0705779154279094
-0.4633236489401344,0.9342864839043443,0.7293585095525371,0.0,0.12547522665374639,1.176763326104046,-0.6512349623471219,-0.437852564900843,1.0705779154279094,1.0705779154279094
-0.46159159791605914,0.9342864839043443,0.7293585095525371,0.0,0.12547522665374639,1.176763326104046,-0.6512349623471219,-0.437852564900843,1.0705779154279094,1.0705779154279094
-0.45985954689198383,0.9342864839043443,0.7293585095525371,0.0,0.12547522665374639,1.176763326104046,-0.6512349623471219,-0.437852564900843,1.0705779154279094,1.0705779154279094
-0.4581274958679086,0.9342864839043443,0.7293585095525371,0.0,0.12547522665374639,1.176763326104046,-0.6512349623471219,-0.437852564900843,1.0705779154279094,1.0705779154279094
-0.4563954448438333,-1.0694015388578093,-0.7425477165231992,0.0,0.12547522665374639,-0.6769996676664752,0.17997253097703012,-0.437852564900843,-0.9718022112171607,-0.9718022112171607
-0.45466339381975807,-1.0694015388578093,-0.7425477165231992,0.0,0.12547522665374639,-0.6769996676664752,0.17997253097703012,-0.437852564900843,-0.9718022112171607,-0.9718022112171607
-0.45293134279568276,-1.0694015388578093,-0.7425477165231992,0.0,0.12547522665374639,-0.6769996676664752,0.17997253097703012,-0.40029122279731355,-0.9246185119217301,-0.9246185119217301
-0.4511992917716075,-1.0694015388578093,-0.7425477165231992,0.0,0.12547522665374639,-0.42621637417649616,1.906822207030307,2.604616145485044,-0.8369916418016445,-0.8369916418016445
-0.44946724074753225,-1.0694015388578093,-0.7425477165231992,0.0,0.12547522665374639,-0.42621637417649616,1.906822207030307,2.604616145485044,-0.8369916418016445,-0.8369916418016445
-0.44773518972345694,0.9342864839043443,0.7293585095525371,0.0,0.12547522665374639,1.176763326104046,-0.6512349623471219,-0.437852564900843,1.0705779154279094,1.0705779154279094
-0.4460031386993817,-1.0694015388578093,-0.7425477165231992,0.0,0.12547522665374639,-0.42621637417649616,1.906822207030307,2.604616145485044,-0.8369916418016445,-0.8369916418016445
-0.44427108767530643,0.9342864839043443,0.7293585095525371,0.0,0.12547522665374639,1.176763326104046,-0.6512349623471219,-0.437852564900843,1.0705779154279094,1.0705779154279094
-0.4425390366512312,0.9342864839043443,0.7293585095525371,0.0,0.12547522665374639,1.176763326104046,-0.6512349623471219,-0.437852564900843,1.0705779154279094,1.0705779154279094
-0.44080698562715587,0.9342864839043443,0.7293585095525371,0.0,0.12547522665374639,1.176763326104046,-0.6512349623471219,-0.437852564900843,1.0705779154279094,1.0705779154279094
-0.4390749346030806,0.9342864839043443,0.7293585095525371,0.0,0.12547522665374639,1.176763326104046,-0.6512349623471219,-0.437852564900843,1.0705779154279094,1.0705779154279094
-0.43734288357900536,0.9342864839043443,0.7293585095525371,0.0,0.12547522665374639,1.176763326104046,-0.6512349623471219,-0.437852564900843,1.0705779154279094,1.0705779154279094
-0.4356108325549301,0.9342864839043443,0.7293585095525371,0.0,0.12547522665374639,1.176763326104046,-0.6512349623471219,-0.437852564900843,1.0705779154279094,1.0705779154279094
-0.4338787815308548,-1.0694015388578093,-0.7425477165231992,0.0,0.12547522665374639,-0.42621637417649616,1.906822207030307,2.604616145485044,-0.8369916418016445,-0.8369916418016445
-0.43214673050677954,-1.0694015388578093,-0.7425477165231992,0.0,0.12547522665374639,-0.42621637417649616,1.906822207030307,2.604616145485044,-0.8369916418016445,-0.8369916418016445
-0.4304146794827043,-1.0694015388578093,-0.7425477165231992,0.0,0.12547522665374639,-0.42621637417649616,1.906822207030307,2.604616145485044,-0.8369916418016445,-0.8369916418016445
-0.42868262845862903,0.9342864839043443,0.7293585095525371,0.0,0.12547522665374639,1.176763326104046,-0.6512349623471219,-0.437852564900843,1.0705779154279094,1.0705779154279094
-0.4269505774345537,0.934023014078866,0.7293585095525371,0.0,0.12547522665374639,-1.4903508897961373,-0.6447914934066246,-0.437852564900843,-0.9718022112171607,-0.9718022112171607
-0.42521852641047847,0.934023014078866,0.7293585095525371,0.0,0.12547522665374639,1.176763326104046,-0.6447914934066246,-0.437852564900843,-0.8774348126262994,-0.8774348126262994
-0.4234864753864032,-1.0694015388578093,-0.7425477165231992,0.0,0.12547522665374639,-0.6769996676664752,0.17997253097703012,-0.40029122279731355,-0.9223716690981381,-0.9223716690981381
-0.42175442436232796,-1.0694015388578093,-0.7425477165231992,0.0,0.12547522665374639,-1.2022889986252152,0.34105925448946267,-0.437852564900843,-0.9718022112171607,-0.9718022112171607
-0.42002237333825265,-1.0694015388578093,-0.7425477165231992,0.0,0.12547522665374639,-0.6769996676664752,-0.5803568040016515,-0.437852564900843,-0.9718022112171607,-0.9718022112171607
-0.4182903223141774,-1.0694015388578093,-0.7425477165231992,0.0,0.12547522665374639,-0.6769996676664752,0.17997253097703012,-0.40029122279731355,-0.9246185119217301,-0.9246185119217301
-0.41655827129010214,-1.0694015388578093,-0.7425477165231992,0.0,0.12547522665374639,-0.6769996676664752,0.17997253097703012,-0.40029122279731355,-0.9223716690981381,-0.9223716690981381
-0.41482622026602683,-1.0694015388578093,-0.7425477165231992,0.0,0.12547522665374639,-0.6769996676664752,-0.5803568040016515,-0.437852564900843,-0.9718022112171607,-0.9718022112171607
-0.4130941692419516,0.9342864839043443,0.7293585095525371,0.0,0.12547522665374639,1.176763326104046,-0.6512349623471219,-0.437852564900843,1.0705779154279094,1.0705779154279094
-0.4113621182178763,0.9342864839043443,0.7293585095525371,0.0,0.12547522665374639,1.176763326104046,-0.6512349623471219,-0.437852564900843,1.0705779154279094,1.0705779154279094
-0.4096300671938011,-1.0694015388578093,-0.7425477165231992,0.0,0.12547522665374639,-0.42621637417649616,1.906822207030307,2.604616145485044,-0.8369916418016445,-0.8369916418016445
-0.40789801616972576,-1.0694015388578093,-0.7425477165231992,0.0,0.12547522665374639,-0.42621637417649616,1.906822207030307,2.604616145485044,-0.8369916418016445,-0.8369916418016445
-0.4061659651456505,-1.0694015388578093,-0.7425477165231992,0.0,0.12547522665374639,-0.42621637417649616,1.906822207030307,2.604616145485044,-0.8369916418016445,-0.8369916418016445
-0.40443391412157526,0.9387654709374746,0.7293585095525371,0.0,0.12547522665374639,-0.8600036926456492,-0.6512349623471219,-0.437852564900843,1.0705779154279094,1.0705779154279094
-0.4027018630975,0.9387654709374746,0.7293585095525371,0.0,0.12547522665374639,-0.8600036926456492,0.34105925448946267,-0.437852564900843,1.0705779154279094,1.0705779154279094
-0.4009698120734247,0.9370968287094458,0.7293585095525371,0.0,0.12547522665374639,-0.8600036926456492,-0.6512349623471219,-0.437852564900843,1.0705779154279094,1.0705779154279094
-0.39923776104934944,0.9370968287094458,0.7293585095525371,0.0,0.12547522665374639,-0.8600036926456492,0.34105925448946267,-0.437852564900843,1.0705779154279094,1.0705779154279094
-0.3975057100252742,0.937799414910721,0.7293585095525371,0.0,0.12547522665374639,-0.8600036926456492,-0.6512349623471219,-0.437852564900843,1.0705779154279094,1.0705779154279094
-0.39577365900119893,0.9342864839043443,0.7293585095525371,0.0,0.12547522665374639,1.176763326104046,-0.6190176176446354,-0.437852564900843,-0.9718022112171607,-0.9718022112171607
-0.3940416079771236,-1.0694015388578093,-0.7425477165231992,0.0,0.12547522665374639,-0.6769996676664752,-0.6190176176446354,-0.437852564900843,-0.9718022112171607,-0.9718022112171607
-0.39230955695304837,0.936745535608808,0.7293585095525371,0.0,0.12547522665374639,-0.8600036926456492,-0.6512349623471219,-0.437852564900843,1.0705779154279094,1.0705779154279094
-0.3905775059289731,-1.0694015388578093,-0.7425477165231992,0.0,0.12547522665374639,-1.2022889986252152,0.34105925448946267,-0.437852564900843,-0.9718022112171607,-0.9718022112171607
-0.3888454549048978,0.9342864839043443,0.7293585095525371,0.0,0.12547522665374639,1.176763326104046,-0.6512349623471219,-0.437852564900843,1.0705779154279094,1.0705779154279094
-0.38711340388082255,0.938414177836837,0.7293585095525371,0.0,0.12547522665374639,-0.8600036926456492,-0.6512349623471219,-0.437852564900843,1.0705779154279094,1.0705779154279094
-0.3853813528567473,-1.0694015388578093,-0.7425477165231992,0.0,0.12547522665374639,-1.2022889986252152,-0.6190176176446354,-0.437852564900843,-0.9740490540407526,-0.9740490540407526
-0.38364930183267204,-1.0694015388578093,-0.7425477165231992,0.0,0.12547522665374639,-1.2022889986252152,-0.6190176176446354,-0.437852564900843,-0.9740490540407526,-0.9740490540407526
-0.38191725080859673,-1.0694015388578093,-0.7425477165231992,0.0,0.12547522665374639,-0.6769996676664752,-0.6190176176446354,-0.437852564900843,-0.9740490540407526,-0.9740490540407526
-0.3801851997845215,0.9342864839043443,0.7293585095525371,0.0,0.12547522665374639,1.176763326104046,-0.6512349623471219,-0.437852564900843,1.0705779154279094,1.0705779154279094
-0.3784531487604462,-1.0694015388578093,-0.7425477165231992,0.0,0.12547522665374639,-0.6769996676664752,-0.6190176176446354,-0.437852564900843,-0.9740490540407526,-0.9740490540407526
-0.37672109773637097,-1.0694015388578093,-0.7425477165231992,0.0,-7.969700686491185,-0.42621637417649616,1.906822207030307,0.6514263561015116,-0.9538274686284252,-0.9538274686284252
-0.37498904671229566,-1.0694015388578093,-0.7425477165231992,0.0,0.12547522665374639,-0.42621637417649616,1.906822207030307,0.6514263561015116,-0.9538274686284252,-0.9538274686284252
-0.3732569956882204,-1.0694015388578093,-0.7425477165231992,0.0,0.12547522665374639,-0.42621637417649616,1.906822207030307,-0.13736182807260727,-1.0010111679238558,-1.0010111679238558
-0.37152494466414515,0.9342864839043443,0.7293585095525371,0.0,0.12547522665374639,1.176763326104046,-0.6512349623471219,-0.437852564900843,1.0705779154279094,1.0705779154279094
-0.3697928936400699,0.9342864839043443,0.7293585095525371,0.0,0.12547522665374639,-1.4937398532216775,-0.6447914934066246,0.31337427716974636,-0.9740490540407526,-0.9740490540407526
-0.3680608426159946,0.9342864839043443,0.7293585095525371,0.0,0.12547522665374639,1.176763326104046,-0.6447914934066246,-0.437852564900843,-0.8774348126262994,-0.8774348126262994
-0.36632879159191933,-1.0694015388578093,-0.7425477165231992,0.0,-7.969700686491185,-0.42621637417649616,1.906822207030307,0.6514263561015116,-0.9538274686284252,-0.9538274686284252
-0.3645967405678441,-1.0694015388578093,-0.7425477165231992,0.0,0.12547522665374639,-0.42621637417649616,1.906822207030307,0.6514263561015116,-0.9538274686284252,-0.9538274686284252
-0.3628646895437688,-1.0694015388578093,-0.7425477165231992,0.0,0.12547522665374639,-0.42621637417649616,1.906822207030307,0.31337427716974636,-0.9740490540407526,-0.9740490540407526
-0.3611326385196935,0.9342864839043443,0.7293585095525371,0.0,0.12547522665374639,1.176763326104046,-0.5803568040016515,-0.437852564900843,-0.8774348126262994,-0.8774348126262994
-0.35940058749561826,0.9342864839043443,0.7293585095525371,0.0,0.12547522665374639,1.176763326104046,-0.6512349623471219,-0.437852564900843,1.0705779154279094,1.0705779154279094
-0.357668536471543,-1.0694015388578093,-0.7425477165231992,0.0,0.12547522665374639,-0.9955622296672595,-0.5803568040016515,-0.437852564900843,-0.9740490540407526,-0.9740490540407526
-0.3559364854474677,-1.0694015388578093,-0.7425477165231992,0.0,0.12547522665374639,-0.9955622296672595,-0.5803568040016515,-0.437852564900843,-0.9740490540407526,-0.9740490540407526
-0.35420443442339244,-1.0694015388578093,-0.7425477165231992,0.0,0.12547522665374639,-0.9955622296672595,-0.5803568040016515,-0.437852564900843,-0.9740490540407526,-0.9740490540407526
-0.3524723833993172,-1.0694015388578093,-0.7425477165231992,0.0,0.12547522665374639,-0.9955622296672595,-0.5803568040016515,-0.437852564900843,-0.9740490540407526,-0.9740490540407526
-0.35074033237524194,-1.0694015388578093,-0.7425477165231992,0.0,0.12547522665374639,-0.9955622296672595,-0.5803568040016515,-0.437852564900843,-0.9740490540407526,-0.9740490540407526
-0.3490082813511666,-1.0694015388578093,-0.7425477165231992,0.0,0.12547522665374639,-0.9955622296672595,-0.5803568040016515,-0.437852564900843,-0.9740490540407526,-0.9740490540407526
-0.3472762303270914,-1.0694015388578093,-0.7425477165231992,0.0,0.12547522665374639,-0.9955622296672595,-0.5803568040016515,-0.437852564900843,-0.9740490540407526,-0.9740490540407526
-0.3455441793030161,-1.0694015388578093,-0.7425477165231992,0.0,0.12547522665374639,-0.9955622296672595,-0.5803568040016515,-0.437852564900843,-0.9740490540407526,-0.9740490540407526
-0.34381212827894087,0.9342864839043443,0.7293585095525371,0.0,0.12547522665374639,1.176763326104046,-0.6512349623471219,-0.437852564900843,1.0705779154279094,1.0705779154279094
-0.34208007725486556,0.9342864839043443,0.7293585095525371,0.0,0.12547522665374639,1.176763326104046,-0.6512349623471219,-0.437852564900843,1.0705779154279094,1.0705779154279094
-0.3403480262307903,-1.0694015388578093,-0.7425477165231992,0.0,0.12547522665374639,-1.2022889986252152,-0.5803568040016515,-0.437852564900843,-0.9740490540407526,-0.9740490540407526
-0.33861597520671505,0.9342864839043443,0.7293585095525371,0.0,0.12547522665374639,1.176763326104046,-0.6512349623471219,-0.437852564900843,1.0705779154279094,1.0705779154279094
-0.3368839241826398,0.9342864839043443,0.7293585095525371,0.0,0.12547522665374639,1.176763326104046,-0.6512349623471219,-0.437852564900843,1.0705779154279094,1.0705779154279094
-0.3351518731585645,-1.0694015388578093,-0.7425477165231992,0.0,0.12547522665374639,-0.6769996676664752,0.34105925448946267,-0.437852564900843,-0.9740490540407526,-0.9740490540407526
-0.33341982213448923,0.9342864839043443,0.7293585095525371,0.0,0.12547522665374639,1.176763326104046,-0.6512349623471219,-0.437852564900843,1.0705779154279094,1.0705779154279094
-0.331687771110414,0.9342864839043443,0.7293585095525371,0.0,0.12547522665374639,1.176763326104046,-0.6512349623471219,-0.437852564900843,1.0705779154279094,1.0705779154279094
-0.32995572008633867,0.9342864839043443,0.7293585095525371,0.0,0.12547522665374639,1.176763326104046,-0.6512349623471219,-0.437852564900843,1.0705779154279094,1.0705779154279094
-0.3282236690622634,0.9342864839043443,0.7293585095525371,0.0,0.12547522665374639,1.176763326104046,-0.6512349623471219,-0.437852564900843,1.0705779154279094,1.0705779154279094
-0.32649161803818816,0.9342864839043443,0.7293585095525371,0.0,0.12547522665374639,1.176763326104046,-0.6512349623471219,-0.437852564900843,1.0705779154279094,1.0705779154279094
-0.3247595670141129,0.9342864839043443,0.7293585095525371,0.0,0.12547522665374639,1.176763326104046,-0.6512349623471219,-0.437852564900843,1.0705779154279094,1.0705779154279094
-0.3230275159900376,0.9342864839043443,0.7293585095525371,0.0,0.12547522665374639,1.176763326104046,-0.6512349623471219,-0.437852564900843,1.0705779154279094,1.0705779154279094
-0.32129546496596234,0.9342864839043443,0.7293585095525371,0.0,0.12547522665374639,1.176763326104046,-0.6512349623471219,-0.437852564900843,1.0705779154279094,1.0705779154279094
-0.3195634139418871,0.9342864839043443,0.7293585095525371,0.0,0.12547522665374639,1.176763326104046,-0.6512349623471219,-0.437852564900843,1.0705779154279094,1.0705779154279094
-0.31783136291781183,0.9342864839043443,0.7293585095525371,0.0,0.12547522665374639,1.176763326104046,-0.6512349623471219,-0.437852564900843,1.0705779154279094,1.0705779154279094
-0.3160993118937365,0.9342864839043443,0.7293585095525371,0.0,0.12547522665374639,1.176763326104046,-0.6512349623471219,-0.437852564900843,1.0705779154279094,1.0705779154279094
-0.31436726086966127,0.9342864839043443,0.7293585095525371,0.0,0.12547522665374639,1.176763326104046,-0.6512349623471219,-0.437852564900843,1.0705779154279094,1.0705779154279094
-0.312635209845586,0.9342864839043443,0.7293585095525371,0.0,0.12547522665374639,1.176763326104046,-0.6512349623471219,-0.437852564900843,1.0705779154279094,1.0705779154279094
-0.31090315882151076,0.9342864839043443,0.7293585095525371,0.0,0.12547522665374639,1.176763326104046,-0.6512349623471219,-0.437852564900843,1.0705779154279094,1.0705779154279094
-0.30917110779743545,-1.0694015388578093,-0.7425477165231992,0.0,0.12547522665374639,-0.42621637417649616,1.906822207030307,2.604616145485044,-0.8369916418016445,-0.8369916418016445
-0.3074390567733602,-1.0694015388578093,-0.7425477165231992,0.0,0.12547522665374639,-0.42621637417649616,1.906822207030307,2.604616145485044,-0.8369916418016445,-0.8369916418016445
-0.30570700574928494,-1.0694015388578093,-0.7425477165231992,0.0,0.12547522665374639,-0.42621637417649616,1.906822207030307,2.604616145485044,-0.8369916418016445,-0.8369916418016445
-0.3039749547252097,0.9342864839043443,0.7293585095525371,0.0,0.12547522665374639,1.176763326104046,-0.6512349623471219,-0.437852564900843,1.0705779154279094,1.0705779154279094
-0.3022429037011344,0.9342864839043443,0.7293585095525371,0.0,0.12547522665374639,1.176763326104046,-0.6512349623471219,-0.437852564900843,1.0705779154279094,1.0705779154279094
-0.3005108526770591,-1.0694015388578093,-0.7425477165231992,0.0,0.12547522665374639,-0.6769996676664752,0.17997253097703012,-0.437852564900843,-0.9718022112171607,-0.9718022112171607
-0.29877880165298387,-1.0694015388578093,-0.7425477165231992,0.0,0.12547522665374639,-0.6769996676664752,0.17997253097703012,-0.437852564900843,-0.9718022112171607,-0.9718022112171607
-0.29704675062890856,-1.0694015388578093,-0.7425477165231992,0.0,0.12547522665374639,-0.6769996676664752,0.17997253097703012,-0.40029122279731355,-0.9246185119217301,-0.9246185119217301
-0.2953146996048333,0.9342864839043443,0.7293585095525371,0.0,0.12547522665374639,1.176763326104046,-0.6512349623471219,-0.437852564900843,1.0705779154279094,1.0705779154279094
-0.29358264858075805,0.9342864839043443,0.7293585095525371,0.0,0.12547522665374639,1.176763326104046,-0.6512349623471219,-0.437852564900843,1.0705779154279094,1.0705779154279094
-0.2918505975566828,-1.0694015388578093,-0.7425477165231992,0.0,0.12547522665374639,-1.3615702796256073,1.906822207030307,0.08800622454856954,-0.9875301109823043,-0.9875301109823043
-0.2901185465326075,-1.0694015388578093,-0.7425477165231992,0.0,0.12547522665374639,-1.3615702796256073,1.906822207030307,-0.13736182807260727,-0.9875301109823043,-0.9875301109823043
-0.28838649550853224,-1.0694015388578093,-0.7425477165231992,0.0,0.12547522665374639,-1.3615702796256073,1.906822207030307,-0.13736182807260727,-0.9875301109823043,-0.9875301109823043
-0.286654444484457,-1.0694015388578093,-0.7425477165231992,0.0,0.12547522665374639,-1.3615702796256073,1.906822207030307,0.08800622454856954,-0.9875301109823043,-0.9875301109823043
-0.28492239346038173,0.9342864839043443,0.7293585095525371,0.0,0.12547522665374639,1.176763326104046,-0.6512349623471219,-0.437852564900843,1.0705779154279094,1.0705779154279094
-0.2831903424363064,0.9342864839043443,0.7293585095525371,0.0,0.12547522665374639,1.176763326104046,-0.6512349623471219,-0.437852564900843,1.0705779154279094,1.0705779154279094
-0.28145829141223117,-1.0694015388578093,-0.7425477165231992,0.0,0.12547522665374639,-0.42621637417649616,1.906822207030307,2.604616145485044,-0.8369916418016445,-0.8369916418016445
-0.2797262403881559,-1.0694015388578093,-0.7425477165231992,0.0,0.12547522665374639,-0.42621637417649616,1.906822207030307,2.604616145485044,-0.8369916418016445,-0.8369916418016445
-0.27799418936408066,0.9342864839043443,0.7293585095525371,0.0,0.12547522665374639,1.176763326104046,-0.6512349623471219,-0.437852564900843,1.0705779154279094,1.0705779154279094
-0.27626213834000535,-1.0694015388578093,-0.7425477165231992,0.0,0.12547522665374639,-0.42621637417649616,1.906822207030307,2.604616145485044,-0.8369916418016445,-0.8369916418016445
-0.2745300873159301,0.9342864839043443,0.7293585095525371,0.0,0.12547522665374639,1.176763326104046,-0.6512349623471219,-0.437852564900843,1.0705779154279094,1.0705779154279094
-0.27279803629185484,0.9342864839043443,0.7293585095525371,0.0,0.12547522665374639,1.176763326104046,-0.6512349623471219,-0.437852564900843,1.0705779154279094,1.0705779154279094
-0.27106598526777953,0.9342864839043443,0.7293585095525371,0.0,0.12547522665374639,1.176763326104046,-0.6512349623471219,-0.437852564900843,1.0705779154279094,1.0705779154279094
-0.2693339342437043,0.934023014078866,0.7293585095525371,0.0,0.12547522665374639,-1.4903508897961373,-0.6447914934066246,-0.437852564900843,-0.9718022112171607,-0.9718022112171607
-0.267601883219629,0.934023014078866,0.7293585095525371,0.0,0.12547522665374639,1.176763326104046,-0.6447914934066246,-0.437852564900843,-0.8774348126262994,-0.8774348126262994
-0.26586983219555377,-1.0694015388578093,-0.7425477165231992,0.0,0.12547522665374639,-0.6769996676664752,0.17997253097703012,-0.40029122279731355,-0.9223716690981381,-0.9223716690981381
-0.26413778117147846,-1.0694015388578093,-0.7425477165231992,0.0,0.12547522665374639,-1.2022889986252152,0.34105925448946267,-0.437852564900843,-0.9718022112171607,-0.9718022112171607
-0.2624057301474032,-1.0694015388578093,-0.7425477165231992,0.0,0.12547522665374639,-0.6769996676664752,-0.5803568040016515,-0.437852564900843,-0.9718022112171607,-0.9718022112171607
-0.26067367912332795,-1.0694015388578093,-0.7425477165231992,0.0,0.12547522665374639,-0.6769996676664752,0.17997253097703012,-0.40029122279731355,-0.9246185119217301,-0.9246185119217301
-0.2589416280992527,-1.0694015388578093,-0.7425477165231992,0.0,0.12547522665374639,-0.6769996676664752,0.17997253097703012,-0.40029122279731355,-0.9223716690981381,-0.9223716690981381
-0.2572095770751774,-1.0694015388578093,-0.7425477165231992,0.0,0.12547522665374639,-0.6769996676664752,-0.5803568040016515,-0.437852564900843,-0.9718022112171607,-0.9718022112171607
-0.25547752605110213,0.9342864839043443,0.7293585095525371,0.0,0.12547522665374639,1.176763326104046,-0.6512349623471219,-0.437852564900843,1.0705779154279094,1.0705779154279094
-0.2537454750270269,0.9342864839043443,0.7293585095525371,0.0,0.12547522665374639,1.176763326104046,-0.6512349623471219,-0.437852564900843,1.0705779154279094,1.0705779154279094
-0.2520134240029516,-1.0694015388578093,-0.7425477165231992,0.0,0.12547522665374639,-0.42621637417649616,1.906822207030307,2.604616145485044,-0.8369916418016445,-0.8369916418016445
-0.2502813729788763,-1.0694015388578093,-0.7425477165231992,0.0,0.12547522665374639,-0.42621637417649616,1.906822207030307,2.604616145485044,-0.8369916418016445,-0.8369916418016445
-0.24854932195480106,-1.0694015388578093,-0.7425477165231992,0.0,0.12547522665374639,-0.42621637417649616,1.906822207030307,2.604616145485044,-0.8369916418016445,-0.8369916418016445
-0.2468172709307258,0.938414177836837,0.7293585095525371,0.0,0.12547522665374639,-0.8600036926456492,-0.6512349623471219,-0.437852564900843,1.0705779154279094,1.0705779154279094
-0.24508521990665053,0.9369211821591269,0.7293585095525371,0.0,0.12547522665374639,-0.8600036926456492,-0.6512349623471219,-0.437852564900843,1.0705779154279094,1.0705779154279094
-0.24335316888257524,0.936745535608808,0.7293585095525371,0.0,0.12547522665374639,-0.8600036926456492,-0.6512349623471219,-0.437852564900843,1.0705779154279094,1.0705779154279094
-0.2416211178585,0.9370968287094458,0.7293585095525371,0.0,0.12547522665374639,-0.8600036926456492,-0.6512349623471219,-0.437852564900843,1.0705779154279094,1.0705779154279094
-0.2398890668344247,0.9370968287094458,0.7293585095525371,0.0,0.12547522665374639,-0.8600036926456492,0.34105925448946267,-0.437852564900843,1.0705779154279094,1.0705779154279094
-0.23815701581034945,0.9370968287094458,0.7293585095525371,0.0,0.12547522665374639,-0.8600036926456492,0.34105925448946267,-0.437852564900843,1.0705779154279094,1.0705779154279094
-0.23642496478627417,0.9342864839043443,0.7293585095525371,0.0,0.12547522665374639,1.176763326104046,-0.6190176176446354,-0.437852564900843,-0.9718022112171607,-0.9718022112171607
-0.23469291376219892,-1.0694015388578093,-0.7425477165231992,0.0,0.12547522665374639,-0.6769996676664752,-0.6190176176446354,-0.437852564900843,-0.9718022112171607,-0.9718022112171607
-0.23296086273812364,0.9376237683604023,0.7293585095525371,0.0,0.12547522665374639,-0.8600036926456492,-0.6512349623471219,-0.437852564900843,1.0705779154279094,1.0705779154279094
-0.23122881171404838,-1.0694015388578093,-0.7425477165231992,0.0,0.12547522665374639,-0.42621637417649616,1.906822207030307,2.604616145485044,-0.8369916418016445,-0.8369916418016445
-0.2294967606899731,-1.0694015388578093,-0.7425477165231992,0.0,0.12547522665374639,-0.42621637417649616,1.906822207030307,2.604616145485044,-0.8369916418016445,-0.8369916418016445
-0.22776470966589785,-1.0694015388578093,-0.7425477165231992,0.0,0.12547522665374639,-1.2022889986252152,0.34105925448946267,-0.437852564900843,-0.9718022112171607,-0.9718022112171607
-0.22603265864182256,0.9342864839043443,0.7293585095525371,0.0,0.12547522665374639,1.176763326104046,-0.6512349623471219,-0.437852564900843,1.0705779154279094,1.0705779154279094
-0.2243006076177473,-1.0694015388578093,-0.7425477165231992,0.0,0.12547522665374639,-0.42621637417649616,1.906822207030307,2.604616145485044,-0.8369916418016445,-0.8369916418016445
-0.22256855659367203,-1.0694015388578093,-0.7425477165231992,0.0,0.12547522665374639,-1.2022889986252152,-0.6190176176446354,-0.437852564900843,-0.9740490540407526,-0.9740490540407526
-0.22083650556959677,-1.0694015388578093,-0.7425477165231992,0.0,0.12547522665374639,-1.2022889986252152,-0.6190176176446354,-0.437852564900843,-0.9740490540407526,-0.9740490540407526
-0.2191044545455215,-1.0694015388578093,-0.7425477165231992,0.0,0.12547522665374639,-0.6769996676664752,-0.6190176176446354,-0.437852564900843,-0.9740490540407526,-0.9740490540407526
-0.21737240352144624,0.9342864839043443,0.7293585095525371,0.0,0.12547522665374639,1.176763326104046,-0.6512349623471219,-0.437852564900843,1.0705779154279094,1.0705779154279094
-0.21564035249737096,-1.0694015388578093,-0.7425477165231992,0.0,0.12547522665374639,-0.6769996676664752,-0.6190176176446354,-0.437852564900843,-0.9740490540407526,-0.9740490540407526
-0.21390830147329568,0.9342864839043443,0.7293585095525371,0.0,0.12547522665374639,1.176763326104046,-0.6512349623471219,-0.437852564900843,1.0705779154279094,1.0705779154279094
-0.21217625044922042,0.9342864839043443,0.7293585095525371,0.0,0.12547522665374639,-1.4937398532216775,-0.6447914934066246,0.31337427716974636,-0.9740490540407526,-0.9740490540407526
-0.21044419942514514,0.9342864839043443,0.7293585095525371,0.0,0.12547522665374639,1.176763326104046,-0.6447914934066246,-0.437852564900843,-0.8774348126262994,-0.8774348126262994
-0.20871214840106989,-1.0694015388578093,-0.7425477165231992,0.0,-7.969700686491185,-0.42621637417649616,1.906822207030307,0.6514263561015116,-0.9538274686284252,-0.9538274686284252
-0.2069800973769946,-1.0694015388578093,-0.7425477165231992,0.0,0.12547522665374639,-0.42621637417649616,1.906822207030307,0.6514263561015116,-0.9538274686284252,-0.9538274686284252
-0.20524804635291935,-1.0694015388578093,-0.7425477165231992,0.0,0.12547522665374639,-0.42621637417649616,1.906822207030307,0.31337427716974636,-0.9740490540407526,-0.9740490540407526
-0.20351599532884407,0.9342864839043443,0.7293585095525371,0.0,0.12547522665374639,1.176763326104046,-0.5803568040016515,-0.437852564900843,-0.8774348126262994,-0.8774348126262994
-0.20178394430476881,0.9342864839043443,0.7293585095525371,0.0,0.12547522665374639,1.176763326104046,-0.6512349623471219,-0.437852564900843,1.0705779154279094,1.0705779154279094
-0.20005189328069353,-1.0694015388578093,-0.7425477165231992,0.0,0.12547522665374639,-0.9955622296672595,-0.5803568040016515,-0.437852564900843,-0.9740490540407526,-0.9740490540407526
-0.19831984225661828,-1.0694015388578093,-0.7425477165231992,0.0,0.12547522665374639,-0.9955622296672595,-0.5803568040016515,-0.437852564900843,-0.9740490540407526,-0.9740490540407526
-0.196587791232543,-1.0694015388578093,-0.7425477165231992,0.0,0.12547522665374639,-0.9955622296672595,-0.5803568040016515,-0.437852564900843,-0.9740490540407526,-0.9740490540407526
-0.19485574020846774,-1.0694015388578093,-0.7425477165231992,0.0,0.12547522665374639,-0.9955622296672595,-0.5803568040016515,-0.437852564900843,-0.9740490540407526,-0.9740490540407526
-0.19312368918439246,-1.0694015388578093,-0.7425477165231992,0.0,0.12547522665374639,-0.9955622296672595,-0.5803568040016515,-0.437852564900843,-0.9740490540407526,-0.9740490540407526
-0.1913916381603172,-1.0694015388578093,-0.7425477165231992,0.0,0.12547522665374639,-0.9955622296672595,-0.5803568040016515,-0.437852564900843,-0.9740490540407526,-0.9740490540407526
-0.18965958713624192,-1.0694015388578093,-0.7425477165231992,0.0,0.12547522665374639,-0.9955622296672595,-0.5803568040016515,-0.437852564900843,-0.9740490540407526,-0.9740490540407526
-0.18792753611216664,-1.0694015388578093,-0.7425477165231992,0.0,0.12547522665374639,-0.9955622296672595,-0.5803568040016515,-0.437852564900843,-0.9740490540407526,-0.9740490540407526
-0.1861954850880914,0.9342864839043443,0.7293585095525371,0.0,0.12547522665374639,1.176763326104046,-0.6512349623471219,-0.437852564900843,1.0705779154279094,1.0705779154279094
-0.1844634340640161,0.9342864839043443,0.7293585095525371,0.0,0.12547522665374639,1.176763326104046,-0.6512349623471219,-0.437852564900843,1.0705779154279094,1.0705779154279094
-0.18273138303994085,-1.0694015388578093,-0.7425477165231992,0.0,0.12547522665374639,-1.2022889986252152,-0.5803568040016515,-0.437852564900843,-0.9740490540407526,-0.9740490540407526
-0.18099933201586557,0.9342864839043443,0.7293585095525371,0.0,0.12547522665374639,1.176763326104046,-0.6512349623471219,-0.437852564900843,1.0705779154279094,1.0705779154279094
-0.17926728099179032,0.9342864839043443,0.7293585095525371,0.0,0.12547522665374639,1.176763326104046,-0.6512349623471219,-0.437852564900843,1.0705779154279094,1.0705779154279094
-0.17753522996771504,-1.0694015388578093,-0.7425477165231992,0.0,0.12547522665374639,-0.6769996676664752,0.34105925448946267,-0.437852564900843,-0.9740490540407526,-0.9740490540407526
-0.17580317894363978,0.9342864839043443,0.7293585095525371,0.0,0.12547522665374639,1.176763326104046,-0.6512349623471219,-0.437852564900843,1.0705779154279094,1.0705779154279094
-0.1740711279195645,0.9342864839043443,0.7293585095525371,0.0,0.12547522665374639,1.176763326104046,-0.6512349623471219,-0.437852564900843,1.0705779154279094,1.0705779154279094
-0.17233907689548925,0.9342864839043443,0.7293585095525371,0.0,0.12547522665374639,1.176763326104046,-0.6512349623471219,-0.437852564900843,1.0705779154279094,1.0705779154279094
-0.17060702587141396,0.9342864839043443,0.7293585095525371,0.0,0.12547522665374639,1.176763326104046,-0.6512349623471219,-0.437852564900843,1.0705779154279094,1.0705779154279094
-0.1688749748473387,0.9342864839043443,0.7293585095525371,0.0,0.12547522665374639,1.176763326104046,-0.6512349623471219,-0.437852564900843,1.0705779154279094,1.0705779154279094
-0.16714292382326343,0.9342864839043443,0.7293585095525371,0.0,0.12547522665374639,1.176763326104046,-0.6512349623471219,-0.437852564900843,1.0705779154279094,1.0705779154279094
-0.16541087279918817,0.9342864839043443,0.7293585095525371,0.0,0.12547522665374639,1.176763326104046,-0.6512349623471219,-0.437852564900843,1.0705779154279094,1.0705779154279094
-0.1636788217751129,0.9342864839043443,0.7293585095525371,0.0,0.12547522665374639,1.176763326104046,-0.6512349623471219,-0.437852564900843,1.0705779154279094,1.0705779154279094
-0.16194677075103764,0.9342864839043443,0.7293585095525371,0.0,0.12547522665374639,1.176763326104046,-0.6512349623471219,-0.437852564900843,1.0705779154279094,1.0705779154279094
-0.16021471972696236,0.9342864839043443,0.7293585095525371,0.0,0.12547522665374639,1.176763326104046,-0.6512349623471219,-0.437852564900843,1.0705779154279094,1.0705779154279094
-0.15848266870288708,0.9342864839043443,0.7293585095525371,0.0,0.12547522665374639,1.176763326104046,-0.6512349623471219,-0.437852564900843,1.0705779154279094,1.0705779154279094
-0.15675061767881182,0.9342864839043443,0.7293585095525371,0.0,0.12547522665374639,1.176763326104046,-0.6512349623471219,-0.437852564900843,1.0705779154279094,1.0705779154279094
-0.15501856665473654,-1.0694015388578093,-0.7425477165231992,0.0,0.12547522665374639,-0.42621637417649616,1.906822207030307,2.604616145485044,-0.8369916418016445,-0.8369916418016445
-0.15328651563066129,-1.0694015388578093,-0.7425477165231992,0.0,0.12547522665374639,-0.42621637417649616,1.906822207030307,2.604616145485044,-0.8369916418016445,-0.8369916418016445
-0.151554464606586,-1.0694015388578093,-0.7425477165231992,0.0,0.12547522665374639,-0.42621637417649616,1.906822207030307,2.604616145485044,-0.8369916418016445,-0.8369916418016445
-0.14982241358251075,0.9342864839043443,0.7293585095525371,0.0,0.12547522665374639,1.176763326104046,-0.6512349623471219,-0.437852564900843,1.0705779154279094,1.0705779154279094
-0.14809036255843547,0.9342864839043443,0.7293585095525371,0.0,0.12547522665374639,1.176763326104046,-0.6512349623471219,-0.437852564900843,1.0705779154279094,1.0705779154279094
-0.1463583115343602,-1.0694015388578093,-0.7425477165231992,0.0,0.12547522665374639,-0.6769996676664752,0.17997253097703012,-0.437852564900843,-0.9718022112171607,-0.9718022112171607
-0.14462626051028493,-1.0694015388578093,-0.7425477165231992,0.0,0.12547522665374639,-0.6769996676664752,0.17997253097703012,-0.437852564900843,-0.9718022112171607,-0.9718022112171607
-0.14289420948620968,-1.0694015388578093,-0.7425477165231992,0.0,0.12547522665374639,-0.6769996676664752,0.17997253097703012,-0.40029122279731355,-0.9246185119217301,-0.9246185119217301
-0.1411621584621344,0.9342864839043443,0.7293585095525371,0.0,0.12547522665374639,1.176763326104046,-0.6512349623471219,-0.437852564900843,1.0705779154279094,1.0705779154279094
-0.13943010743805914,0.9342864839043443,0.7293585095525371,0.0,0.12547522665374639,1.176763326104046,-0.6512349623471219,-0.437852564900843,1.0705779154279094,1.0705779154279094
-0.13769805641398386,0.9342864839043443,0.7293585095525371,0.0,0.12547522665374639,1.176763326104046,-0.6512349623471219,-0.437852564900843,1.0705779154279094,1.0705779154279094
-0.1359660053899086,0.9342864839043443,0.7293585095525371,0.0,0.12547522665374639,1.176763326104046,-0.6512349623471219,-0.437852564900843,1.0705779154279094,1.0705779154279094
-0.13423395436583332,0.956417949244518,-11.474714372791954,0.0,0.12547522665374639,-1.541185341179241,-0.6512349623471219,-0.28760719648672517,-1.0099985392182236,-1.0099985392182236
-0.13250190334175807,-1.0694015388578093,-0.7425477165231992,0.0,0.12547522665374639,-0.42621637417649616,1.906822207030307,2.604616145485044,-0.8369916418016445,-0.8369916418016445
-0.1307698523176828,-1.0694015388578093,-0.7425477165231992,0.0,0.12547522665374639,-0.42621637417649616,1.906822207030307,2.604616145485044,-0.8369916418016445,-0.8369916418016445
-0.1290378012936075,0.9342864839043443,0.7293585095525371,0.0,0.12547522665374639,1.176763326104046,-0.6512349623471219,-0.437852564900843,1.0705779154279094,1.0705779154279094
-0.12730575026953225,-1.0694015388578093,-0.7425477165231992,0.0,0.12547522665374639,-0.42621637417649616,1.906822207030307,2.604616145485044,-0.8369916418016445,-0.8369916418016445
-0.12557369924545697,0.9342864839043443,0.7293585095525371,0.0,0.12547522665374639,1.176763326104046,-0.6512349623471219,-0.437852564900843,1.0705779154279094,1.0705779154279094
-0.12384164822138172,0.9342864839043443,0.7293585095525371,0.0,0.12547522665374639,1.176763326104046,-0.6512349623471219,-0.437852564900843,1.0705779154279094,1.0705779154279094
-0.12210959719730645,0.9342864839043443,0.7293585095525371,0.0,0.12547522665374639,1.176763326104046,-0.6512349623471219,-0.437852564900843,1.0705779154279094,1.0705779154279094
-0.12037754617323118,0.9342864839043443,0.7293585095525371,0.0,0.12547522665374639,1.176763326104046,-0.6512349623471219,-0.437852564900843,1.0705779154279094,1.0705779154279094
-0.11864549514915591,0.9342864839043443,0.7293585095525371,0.0,0.12547522665374639,1.176763326104046,-0.6512349623471219,-0.437852564900843,1.0705779154279094,1.0705779154279094
-0.11691344412508065,0.934023014078866,0.7293585095525371,0.0,0.12547522665374639,-1.4903508897961373,-0.6447914934066246,-0.437852564900843,-0.9718022112171607,-0.9718022112171607
-0.11518139310100536,0.934023014078866,0.7293585095525371,0.0,0.12547522665374639,1.176763326104046,-0.6447914934066246,-0.437852564900843,-0.8774348126262994,-0.8774348126262994
-0.1134493420769301,-1.0694015388578093,-0.7425477165231992,0.0,0.12547522665374639,-0.6769996676664752,0.17997253097703012,-0.40029122279731355,-0.9223716690981381,-0.9223716690981381
-0.11171729105285483,-1.0694015388578093,-0.7425477165231992,0.0,0.12547522665374639,-1.2022889986252152,0.34105925448946267,-0.437852564900843,-0.9718022112171607,-0.9718022112171607
-0.10998524002877956,-1.0694015388578093,-0.7425477165231992,0.0,0.12547522665374639,-0.6769996676664752,-0.5803568040016515,-0.437852564900843,-0.9718022112171607,-0.9718022112171607
-0.10825318900470429,-1.0694015388578093,-0.7425477165231992,0.0,0.12547522665374639,-0.6769996676664752,0.17997253097703012,-0.40029122279731355,-0.9246185119217301,-0.9246185119217301
-0.10652113798062902,-1.0694015388578093,-0.7425477165231992,0.0,0.12547522665374639,-0.6769996676664752,0.17997253097703012,-0.40029122279731355,-0.9223716690981381,-0.9223716690981381
-0.10478908695655376,-1.0694015388578093,-0.7425477165231992,0.0,0.12547522665374639,-0.6769996676664752,-0.5803568040016515,-0.437852564900843,-0.9718022112171607,-0.9718022112171607
-0.10305703593247849,0.9342864839043443,0.7293585095525371,0.0,0.12547522665374639,1.176763326104046,-0.6512349623471219,-0.437852564900843,1.0705779154279094,1.0705779154279094
-0.10132498490840322,-1.0694015388578093,-0.7425477165231992,0.0,0.12547522665374639,-0.42621637417649616,1.906822207030307,2.604616145485044,-0.8369916418016445,-0.8369916418016445
-0.09959293388432795,-1.0694015388578093,-0.7425477165231992,0.0,0.12547522665374639,-0.42621637417649616,1.906822207030307,2.604616145485044,-0.8369916418016445,-0.8369916418016445
-0.09786088286025268,-1.0694015388578093,-0.7425477165231992,0.0,0.12547522665374639,-0.42621637417649616,1.906822207030307,2.604616145485044,-0.8369916418016445,-0.8369916418016445
-0.09612883183617742,0.9342864839043443,0.7293585095525371,0.0,0.12547522665374639,1.176763326104046,-0.6512349623471219,-0.437852564900843,1.0705779154279094,1.0705779154279094
-0.09439678081210215,0.9369211821591269,0.7293585095525371,0.0,0.12547522665374639,-0.8600036926456492,-0.6512349623471219,-0.437852564900843,1.0705779154279094,1.0705779154279094
-0.09266472978802688,0.9369211821591269,0.7293585095525371,0.0,0.12547522665374639,-0.8600036926456492,0.34105925448946267,-0.437852564900843,1.0705779154279094,1.0705779154279094
-0.09093267876395161,-1.0694015388578093,-0.7425477165231992,0.0,0.12547522665374639,-0.42621637417649616,1.906822207030307,2.604616145485044,-0.8369916418016445,-0.8369916418016445
-0.08920062773987635,-1.0694015388578093,-0.7425477165231992,0.0,0.12547522665374639,-0.42621637417649616,1.906822207030307,2.604616145485044,-0.8369916418016445,-0.8369916418016445
-0.08746857671580108,0.9389411174877935,0.7293585095525371,0.0,0.12547522665374639,-0.8600036926456492,-0.6512349623471219,-0.437852564900843,1.0705779154279094,1.0705779154279094
-0.0857365256917258,0.9389411174877935,0.7293585095525371,0.0,0.12547522665374639,-0.8600036926456492,0.34105925448946267,-0.437852564900843,1.0705779154279094,1.0705779154279094
-0.08400447466765053,-1.0694015388578093,-0.7425477165231992,0.0,0.12547522665374639,-0.42621637417649616,1.906822207030307,2.604616145485044,-0.8369916418016445,-0.8369916418016445
-0.08227242364357526,0.9389411174877935,0.7293585095525371,0.0,0.12547522665374639,-0.8600036926456492,0.34105925448946267,-0.437852564900843,1.0705779154279094,1.0705779154279094
-0.08054037261949999,0.9389411174877935,0.7293585095525371,0.0,0.12547522665374639,-0.8600036926456492,0.34105925448946267,-0.437852564900843,1.0705779154279094,1.0705779154279094
-0.07880832159542472,0.937799414910721,0.7293585095525371,0.0,0.12547522665374639,-0.8600036926456492,-0.6512349623471219,-0.437852564900843,1.0705779154279094,1.0705779154279094
-0.07707627057134946,0.9369211821591269,0.7293585095525371,0.0,0.12547522665374639,-0.8600036926456492,0.34105925448946267,-0.437852564900843,1.0705779154279094,1.0705779154279094
-0.07534421954727419,0.9375359450852429,0.7293585095525371,0.0,0.12547522665374639,-0.8600036926456492,-0.6512349623471219,-0.437852564900843,1.0705779154279094,1.0705779154279094
-0.07361216852319892,0.9375359450852429,0.7293585095525371,0.0,0.12547522665374639,-0.8600036926456492,0.34105925448946267,-0.437852564900843,1.0705779154279094,1.0705779154279094
-0.07188011749912365,0.9375359450852429,0.7293585095525371,0.0,0.12547522665374639,-0.8600036926456492,0.34105925448946267,-0.437852564900843,1.0705779154279094,1.0705779154279094
-0.07014806647504838,0.9369211821591269,0.7293585095525371,0.0,0.12547522665374639,-0.8600036926456492,0.34105925448946267,-0.437852564900843,1.0705779154279094,1.0705779154279094
-0.06841601545097312,0.9369211821591269,0.7293585095525371,0.0,0.12547522665374639,-0.8600036926456492,0.34105925448946267,-0.437852564900843,1.0705779154279094,1.0705779154279094
-0.06668396442689785,0.9369211821591269,0.7293585095525371,0.0,0.12547522665374639,-0.8600036926456492,0.34105925448946267,-0.437852564900843,1.0705779154279094,1.0705779154279094
-0.06495191340282258,0.9369211821591269,0.7293585095525371,0.0,0.12547522665374639,-0.8600036926456492,0.34105925448946267,-0.437852564900843,1.0705779154279094,1.0705779154279094
-0.06321986237874731,0.9369211821591269,0.7293585095525371,0.0,0.12547522665374639,-0.8600036926456492,0.34105925448946267,-0.437852564900843,1.0705779154279094,1.0705779154279094
-0.06148781135467204,0.9369211821591269,0.7293585095525371,0.0,0.12547522665374639,-0.8600036926456492,0.34105925448946267,-0.437852564900843,1.0705779154279094,1.0705779154279094
-0.05975576033059677,0.9369211821591269,0.7293585095525371,0.0,0.12547522665374639,-0.8600036926456492,0.34105925448946267,-0.437852564900843,1.0705779154279094,1.0705779154279094
-0.0580237093065215,0.9342864839043443,0.7293585095525371,0.0,0.12547522665374639,1.176763326104046,-0.6190176176446354,-0.437852564900843,-0.9718022112171607,-0.9718022112171607
-0.056291658282446234,0.9379750614610399,0.7293585095525371,0.0,0.12547522665374639,-0.8600036926456492,-0.6512349623471219,-0.437852564900843,1.0705779154279094,1.0705779154279094
-0.05455960725837097,-1.0694015388578093,-0.7425477165231992,0.0,0.12547522665374639,-0.6769996676664752,-0.6190176176446354,-0.437852564900843,-0.9718022112171607,-0.9718022112171607
-0.0528275562342957,0.9379750614610399,0.7293585095525371,0.0,0.12547522665374639,-0.8600036926456492,0.34105925448946267,-0.437852564900843,1.0705779154279094,1.0705779154279094
-0.05109550521022043,-1.0694015388578093,-0.7425477165231992,0.0,0.12547522665374639,-1.2022889986252152,0.34105925448946267,-0.437852564900843,-0.9718022112171607,-0.9718022112171607
-0.049363454186145156,0.9342864839043443,0.7293585095525371,0.0,0.12547522665374639,1.176763326104046,-0.6512349623471219,-0.437852564900843,1.0705779154279094,1.0705779154279094
-0.04763140316206989,0.9381507080113588,0.7293585095525371,0.0,0.12547522665374639,-0.8600036926456492,-0.6512349623471219,-0.437852564900843,1.0705779154279094,1.0705779154279094
-0.04589935213799462,-1.0694015388578093,-0.7425477165231992,0.0,0.12547522665374639,-1.2022889986252152,-0.6190176176446354,-0.437852564900843,-0.9740490540407526,-0.9740490540407526
-0.04416730111391935,-1.0694015388578093,-0.7425477165231992,0.0,0.12547522665374639,-1.2022889986252152,-0.6190176176446354,-0.437852564900843,-0.9740490540407526,-0.9740490540407526
-0.042435250089844084,-1.0694015388578093,-0.7425477165231992,0.0,0.12547522665374639,-0.6769996676664752,-0.6190176176446354,-0.437852564900843,-0.9740490540407526,-0.9740490540407526
-0.040703199065768816,0.9342864839043443,0.7293585095525371,0.0,0.12547522665374639,1.176763326104046,-0.6512349623471219,-0.437852564900843,1.0705779154279094,1.0705779154279094
-0.03897114804169355,-1.0694015388578093,-0.7425477165231992,0.0,0.12547522665374639,-0.6769996676664752,-0.6190176176446354,-0.437852564900843,-0.9740490540407526,-0.9740490540407526
-0.03723909701761828,0.9342864839043443,0.7293585095525371,0.0,0.12547522665374639,1.176763326104046,-0.6512349623471219,-0.437852564900843,1.0705779154279094,1.0705779154279094
-0.035507045993543006,0.9342864839043443,0.7293585095525371,0.0,0.12547522665374639,-1.4937398532216775,-0.6447914934066246,0.31337427716974636,-0.9740490540407526,-0.9740490540407526
-0.03377499496946774,0.9342864839043443,0.7293585095525371,0.0,0.12547522665374639,1.176763326104046,-0.6447914934066246,-0.437852564900843,-0.8774348126262994,-0.8774348126262994
-0.03204294394539247,-1.0694015388578093,-0.7425477165231992,0.0,-7.969700686491185,-0.42621637417649616,1.906822207030307,0.6514263561015116,-0.9538274686284252,-0.9538274686284252
-0.030310892921317202,-1.0694015388578093,-0.7425477165231992,0.0,0.12547522665374639,-0.42621637417649616,1.906822207030307,0.6514263561015116,-0.9538274686284252,-0.9538274686284252
-0.028578841897241934,-1.0694015388578093,-0.7425477165231992,0.0,0.12547522665374639,-0.42621637417649616,1.906822207030307,0.31337427716974636,-0.9740490540407526,-0.9740490540407526
-0.026846790873166666,-1.0694015388578093,-0.7425477165231992,0.0,0.12547522665374639,-1.3615702796256073,1.906822207030307,0.08800622454856954,-0.9875301109823043,-0.9875301109823043
-0.025114739849091395,-1.0694015388578093,-0.7425477165231992,0.0,0.12547522665374639,-1.3615702796256073,1.906822207030307,-0.25004585438319565,-0.9875301109823043,-0.9875301109823043
-0.023382688825016127,-1.0694015388578093,-0.7425477165231992,0.0,0.12547522665374639,-1.3615702796256073,1.906822207030307,-0.25004585438319565,-0.9875301109823043,-0.9875301109823043
-0.02165063780094086,-1.0694015388578093,-0.7425477165231992,0.0,0.12547522665374639,-1.3615702796256073,1.906822207030307,0.08800622454856954,-0.9875301109823043,-0.9875301109823043
-0.01991858677686559,0.9342864839043443,0.7293585095525371,0.0,0.12547522665374639,1.176763326104046,-0.5803568040016515,-0.437852564900843,-0.8774348126262994,-0.8774348126262994
-0.018186535752790323,0.9342864839043443,0.7293585095525371,0.0,0.12547522665374639,1.176763326104046,-0.6512349623471219,-0.437852564900843,1.0705779154279094,1.0705779154279094
-0.016454484728715052,0.9342864839043443,0.7293585095525371,0.0,0.12547522665374639,1.176763326104046,-0.6512349623471219,-0.437852564900843,1.0705779154279094,1.0705779154279094
-0.014722433704639784,-1.0694015388578093,-0.7425477165231992,0.0,0.12547522665374639,-0.9955622296672595,-0.5803568040016515,-0.437852564900843,-0.9740490540407526,-0.9740490540407526
-0.012990382680564516,-1.0694015388578093,-0.7425477165231992,0.0,0.12547522665374639,-0.9955622296672595,-0.5803568040016515,-0.437852564900843,-0.9740490540407526,-0.9740490540407526
-0.011258331656489247,-1.0694015388578093,-0.7425477165231992,0.0,0.12547522665374639,-0.9955622296672595,-0.5803568040016515,-0.437852564900843,-0.9740490540407526,-0.9740490540407526
-0.009526280632413979,-1.0694015388578093,-0.7425477165231992,0.0,0.12547522665374639,-0.9955622296672595,-0.5803568040016515,-0.437852564900843,-0.9740490540407526,-0.9740490540407526
-0.007794229608338709,-1.0694015388578093,-0.7425477165231992,0.0,0.12547522665374639,-0.9955622296672595,-0.5803568040016515,-0.437852564900843,-0.9740490540407526,-0.9740490540407526
-0.00606217858426344,-1.0694015388578093,-0.7425477165231992,0.0,0.12547522665374639,-0.9955622296672595,-0.5803568040016515,-0.437852564900843,-0.9740490540407526,-0.9740490540407526
-0.0043301275601881715,-1.0694015388578093,-0.7425477165231992,0.0,0.12547522665374639,-0.9955622296672595,-0.5803568040016515,-0.437852564900843,-0.9740490540407526,-0.9740490540407526
-0.002598076536112903,-1.0694015388578093,-0.7425477165231992,0.0,0.12547522665374639,-0.9955622296672595,-0.5803568040016515,-0.437852564900843,-0.9740490540407526,-0.9740490540407526
-0.0008660255120376344,0.9342864839043443,0.7293585095525371,0.0,0.12547522665374639,1.176763326104046,-0.6512349623471219,-0.437852564900843,1.0705779154279094,1.0705779154279094
0.0008660255120376344,-1.0694015388578093,-0.7425477165231992,0.0,0.12547522665374639,-1.2022889986252152,-0.5803568040016515,-0.437852564900843,-0.9740490540407526,-0.9740490540407526
0.002598076536112903,0.9342864839043443,0.7293585095525371,0.0,0.12547522665374639,1.176763326104046,-0.6512349623471219,-0.437852564900843,1.0705779154279094,1.0705779154279094
0.0043301275601881715,0.9342864839043443,0.7293585095525371,0.0,0.12547522665374639,1.176763326104046,-0.6512349623471219,-0.437852564900843,1.0705779154279094,1.0705779154279094
0.00606217858426344,-1.0694015388578093,-0.7425477165231992,0.0,0.12547522665374639,-0.6769996676664752,0.34105925448946267,-0.437852564900843,-0.9740490540407526,-0.9740490540407526
0.007794229608338709,0.9342864839043443,0.7293585095525371,0.0,0.12547522665374639,1.176763326104046,-0.6512349623471219,-0.437852564900843,1.0705779154279094,1.0705779154279094
0.009526280632413979,0.9342864839043443,0.7293585095525371,0.0,0.12547522665374639,1.176763326104046,-0.6512349623471219,-0.437852564900843,1.0705779154279094,1.0705779154279094
0.011258331656489247,0.9342864839043443,0.7293585095525371,0.0,0.12547522665374639,1.176763326104046,-0.6512349623471219,-0.437852564900843,1.0705779154279094,1.0705779154279094
0.012990382680564516,0.9342864839043443,0.7293585095525371,0.0,0.12547522665374639,1.176763326104046,-0.6512349623471219,-0.437852564900843,1.0705779154279094,1.0705779154279094
0.014722433704639784,0.9342864839043443,0.7293585095525371,0.0,0.12547522665374639,1.176763326104046,-0.6512349623471219,-0.437852564900843,1.0705779154279094,1.0705779154279094
0.016454484728715052,0.9342864839043443,0.7293585095525371,0.0,0.12547522665374639,1.176763326104046,-0.6512349623471219,-0.437852564900843,1.0705779154279094,1.0705779154279094
0.018186535752790323,0.9342864839043443,0.7293585095525371,0.0,0.12547522665374639,1.176763326104046,-0.6512349623471219,-0.437852564900843,1.0705779154279094,1.0705779154279094
0.01991858677686559,0.9342864839043443,0.7293585095525371,0.0,0.12547522665374639,1.176763326104046,-0.6512349623471219,-0.437852564900843,1.0705779154279094,1.0705779154279094
0.02165063780094086,0.9342864839043443,0.7293585095525371,0.0,0.12547522665374639,1.176763326104046,-0.6512349623471219,-0.437852564900843,1.0705779154279094,1.0705779154279094
0.023382688825016127,0.9342864839043443,0.7293585095525371,0.0,0.12547522665374639,1.176763326104046,-0.6512349623471219,-0.437852564900843,1.0705779154279094,1.0705779154279094
0.025114739849091395,0.9342864839043443,0.7293585095525371,0.0,0.12547522665374639,1.176763326104046,-0.6512349623471219,-0.437852564900843,1.0705779154279094,1.0705779154279094
0.026846790873166666,0.9342864839043443,0.7293585095525371,0.0,0.12547522665374639,1.176763326104046,-0.6512349623471219,-0.437852564900843,1.0705779154279094,1.0705779154279094
0.028578841897241934,0.9342864839043443,0.7293585095525371,0.0,0.12547522665374639,1.176763326104046,-0.6512349623471219,-0.437852564900843,1.0705779154279094,1.0705779154279094
0.030310892921317202,0.9342864839043443,0.7293585095525371,0.0,0.12547522665374639,1.176763326104046,-0.6512349623471219,-0.437852564900843,1.0705779154279094,1.0705779154279094
0.03204294394539247,0.9342864839043443,0.7293585095525371,0.0,0.12547522665374639,1.176763326104046,-0.6512349623471219,-0.437852564900843,1.0705779154279094,1.0705779154279094
0.03377499496946774,0.9342864839043443,0.7293585095525371,0.0,0.12547522665374639,1.176763326104046,-0.6512349623471219,-0.437852564900843,1.0705779154279094,1.0705779154279094
0.035507045993543006,-1.0694015388578093,-0.7425477165231992,0.0,0.12547522665374639,-0.6769996676664752,0.17997253097703012,-0.437852564900843,-0.9718022112171607,-0.9718022112171607
0.03723909701761828,-1.0694015388578093,-0.7425477165231992,0.0,0.12547522665374639,-0.6769996676664752,0.17997253097703012,-0.437852564900843,-0.9718022112171607,-0.9718022112171607
0.03897114804169355,-1.0694015388578093,-0.7425477165231992,0.0,0.12547522665374639,-0.6769996676664752,0.17997253097703012,-0.437852564900843,-0.9246185119217301,-0.9246185119217301
0.040703199065768816,-1.0694015388578093,-0.7425477165231992,0.0,0.12547522665374639,-0.42621637417649616,1.906822207030307,2.604616145485044,-0.8369916418016445,-0.8369916418016445
0.042435250089844084,-1.0694015388578093,-0.7425477165231992,0.0,0.12547522665374639,-0.42621637417649616,1.906822207030307,2.604616145485044,-0.8369916418016445,-0.8369916418016445
0.04416730111391935,-1.0694015388578093,-0.7425477165231992,0.0,0.12547522665374639,-0.42621637417649616,1.906822207030307,2.604616145485044,-0.8369916418016445,-0.8369916418016445
0.04589935213799462,0.9342864839043443,0.7293585095525371,0.0,0.12547522665374639,1.176763326104046,-0.6512349623471219,-0.437852564900843,1.0705779154279094,1.0705779154279094
0.04763140316206989,0.9342864839043443,0.7293585095525371,0.0,0.12547522665374639,1.176763326104046,-0.6512349623471219,-0.437852564900843,1.0705779154279094,1.0705779154279094
0.049363454186145156,0.9342864839043443,0.7293585095525371,0.0,0.12547522665374639,1.176763326104046,-0.6512349623471219,-0.437852564900843,1.0705779154279094,1.0705779154279094
0.05109550521022043,0.9342864839043443,0.7293585095525371,0.0,0.12547522665374639,1.176763326104046,-0.6512349623471219,-0.437852564900843,1.0705779154279094,1.0705779154279094
0.0528275562342957,0.9342864839043443,0.7293585095525371,0.0,0.12547522665374639,1.176763326104046,-0.6512349623471219,-0.437852564900843,1.0705779154279094,1.0705779154279094
0.05455960725837097,0.9342864839043443,0.7293585095525371,0.0,0.12547522665374639,1.176763326104046,-0.6512349623471219,-0.437852564900843,1.0705779154279094,1.0705779154279094
0.056291658282446234,0.934023014078866,0.7293585095525371,0.0,0.12547522665374639,-1.4903508897961373,-0.6447914934066246,-0.437852564900843,-0.9718022112171607,-0.9718022112171607
0.0580237093065215,0.934023014078866,0.7293585095525371,0.0,0.12547522665374639,1.176763326104046,-0.6447914934066246,-0.437852564900843,-0.8774348126262994,-0.8774348126262994
0.05975576033059677,-1.0694015388578093,-0.7425477165231992,0.0,0.12547522665374639,-0.6769996676664752,0.17997253097703012,-0.40029122279731355,-0.9223716690981381,-0.9223716690981381
0.06148781135467204,-1.0694015388578093,-0.7425477165231992,0.0,0.12547522665374639,-1.2022889986252152,0.34105925448946267,-0.437852564900843,-0.9718022112171607,-0.9718022112171607
0.06321986237874731,-1.0694015388578093,-0.7425477165231992,0.0,0.12547522665374639,-0.6769996676664752,-0.5803568040016515,-0.437852564900843,-0.9718022112171607,-0.9718022112171607
0.06495191340282258,-1.0694015388578093,-0.7425477165231992,0.0,0.12547522665374639,-0.42621637417649616,1.906822207030307,2.604616145485044,-0.8369916418016445,-0.8369916418016445
0.06668396442689785,-1.0694015388578093,-0.7425477165231992,0.0,0.12547522665374639,-0.42621637417649616,1.906822207030307,2.604616145485044,-0.8369916418016445,-0.8369916418016445
0.06841601545097312,0.9342864839043443,0.7293585095525371,0.0,0.12547522665374639,1.176763326104046,-0.6512349623471219,-0.437852564900843,1.0705779154279094,1.0705779154279094
0.07014806647504838,-1.0694015388578093,-0.7425477165231992,0.0,0.12547522665374639,-0.6769996676664752,0.17997253097703012,-0.40029122279731355,-0.9223716690981381,-0.9223716690981381
0.07188011749912365,-1.0694015388578093,-0.7425477165231992,0.0,0.12547522665374639,-0.6769996676664752,-0.5803568040016515,-0.437852564900843,-0.9718022112171607,-0.9718022112171607
0.07361216852319892,-1.0694015388578093,-0.7425477165231992,0.0,0.12547522665374639,-0.42621637417649616,1.906822207030307,2.604616145485044,-0.8369916418016445,-0.8369916418016445
0.07534421954727419,0.9342864839043443,0.7293585095525371,0.0,0.12547522665374639,1.176763326104046,-0.6512349623471219,-0.437852564900843,1.0705779154279094,1.0705779154279094
0.07707627057134946,0.9342864839043443,0.7293585095525371,0.0,0.12547522665374639,1.176763326104046,-0.6512349623471219,-0.437852564900843,1.0705779154279094,1.0705779154279094
0.07880832159542472,0.9342864839043443,0.7293585095525371,0.0,0.12547522665374639,1.176763326104046,-0.6512349623471219,-0.437852564900843,1.0705779154279094,1.0705779154279094
0.08054037261949999,-1.0694015388578093,-0.7425477165231992,0.0,0.12547522665374639,-0.42621637417649616,1.906822207030307,2.604616145485044,-0.8369916418016445,-0.8369916418016445
0.08227242364357526,-1.0694015388578093,-0.7425477165231992,0.0,0.12547522665374639,-0.42621637417649616,1.906822207030307,2.604616145485044,-0.8369916418016445,-0.8369916418016445
0.08400447466765053,-1.0694015388578093,-0.7425477165231992,0.0,0.12547522665374639,-0.42621637417649616,1.906822207030307,2.604616145485044,-0.8369916418016445,-0.8369916418016445
0.0857365256917258,0.9385898243871559,0.7293585095525371,0.0,0.12547522665374639,-0.8600036926456492,-0.6512349623471219,-0.437852564900843,1.0705779154279094,1.0705779154279094
0.08746857671580108,0.938414177836837,0.7293585095525371,0.0,0.12547522665374639,-0.8600036926456492,-0.6512349623471219,-0.437852564900843,1.0705779154279094,1.0705779154279094
0.08920062773987635,0.9371846519846051,0.7293585095525371,0.0,0.12547522665374639,-0.8600036926456492,-0.6512349623471219,-0.437852564900843,1.0705779154279094,1.0705779154279094
0.09093267876395161,0.9371846519846051,0.7293585095525371,0.0,0.12547522665374639,-0.8600036926456492,0.34105925448946267,-0.437852564900843,1.0705779154279094,1.0705779154279094
0.09266472978802688,0.9381507080113588,0.7293585095525371,0.0,0.12547522665374639,-0.8600036926456492,-0.6512349623471219,-0.437852564900843,1.0705779154279094,1.0705779154279094
0.09439678081210215,0.9381507080113588,0.7293585095525371,0.0,0.12547522665374639,-0.8600036926456492,0.34105925448946267,-0.437852564900843,1.0705779154279094,1.0705779154279094
0.09612883183617742,0.9376237683604023,0.7293585095525371,0.0,0.12547522665374639,-0.8600036926456492,-0.6512349623471219,-0.437852564900843,1.0705779154279094,1.0705779154279094
0.09786088286025268,0.9382385312865181,0.7293585095525371,0.0,0.12547522665374639,-0.8600036926456492,-0.6512349623471219,-0.437852564900843,1.0705779154279094,1.0705779154279094
0.09959293388432795,0.936745535608808,0.7293585095525371,0.0,0.12547522665374639,-0.8600036926456492,-0.6512349623471219,-0.437852564900843,1.0705779154279094,1.0705779154279094
0.10132498490840322,0.9342864839043443,0.7293585095525371,0.0,0.12547522665374639,1.176763326104046,-0.6190176176446354,-0.437852564900843,-0.9718022112171607,-0.9718022112171607
0.10305703593247849,-1.0694015388578093,-0.7425477165231992,0.0,0.12547522665374639,-0.6769996676664752,-0.6190176176446354,-0.437852564900843,-0.9718022112171607,-0.9718022112171607
0.10478908695655376,-1.0694015388578093,-0.7425477165231992,0.0,0.12547522665374639,-1.2022889986252152,0.34105925448946267,-0.437852564900843,-0.9718022112171607,-0.9718022112171607
0.10652113798062902,0.9342864839043443,0.7293585095525371,0.0,0.12547522665374639,1.176763326104046,-0.6512349623471219,-0.437852564900843,1.0705779154279094,1.0705779154279094
0.10825318900470429,0.9387654709374746,0.7293585095525371,0.0,0.12547522665374639,-0.8600036926456492,-0.6512349623471219,-0.437852564900843,1.0705779154279094,1.0705779154279094
0.10998524002877956,-1.0694015388578093,-0.7425477165231992,0.0,0.12547522665374639,-1.2022889986252152,-0.6190176176446354,-0.437852564900843,-0.9740490540407526,-0.9740490540407526
0.11171729105285483,-1.0694015388578093,-0.7425477165231992,0.0,0.12547522665374639,-1.2022889986252152,-0.6190176176446354,-0.437852564900843,-0.9740490540407526,-0.9740490540407526
0.1134493420769301,-1.0694015388578093,-0.7425477165231992,0.0,0.12547522665374639,-0.6769996676664752,-0.6190176176446354,-0.437852564900843,-0.9740490540407526,-0.9740490540407526
0.11518139310100536,0.9342864839043443,0.7293585095525371,0.0,0.12547522665374639,1.176763326104046,-0.6512349623471219,-0.437852564900843,1.0705779154279094,1.0705779154279094
0.11691344412508065,-1.0694015388578093,-0.7425477165231992,0.0,0.12547522665374639,-0.6769996676664752,-0.6190176176446354,-0.437852564900843,-0.9740490540407526,-0.9740490540407526
0.11864549514915591,-1.0694015388578093,-0.7425477165231992,0.0,-7.969700686491185,-0.42621637417649616,1.906822207030307,0.6514263561015116,-0.9538274686284252,-0.9538274686284252
0.12037754617323118,-1.0694015388578093,-0.7425477165231992,0.0,0.12547522665374639,-0.42621637417649616,1.906822207030307,0.6514263561015116,-0.9538274686284252,-0.9538274686284252
0.12210959719730645,-1.0694015388578093,-0.7425477165231992,0.0,0.12547522665374639,-0.42621637417649616,1.906822207030307,0.31337427716974636,-0.9740490540407526,-0.9740490540407526
0.12384164822138172,0.9342864839043443,0.7293585095525371,0.0,0.12547522665374639,1.176763326104046,-0.6512349623471219,-0.437852564900843,1.0705779154279094,1.0705779154279094
0.12557369924545697,0.9342864839043443,0.7293585095525371,0.0,0.12547522665374639,-1.4937398532216775,-0.6447914934066246,0.31337427716974636,-0.9740490540407526,-0.9740490540407526
0.12730575026953225,0.9342864839043443,0.7293585095525371,0.0,0.12547522665374639,1.176763326104046,-0.6447914934066246,-0.437852564900843,-0.8774348126262994,-0.8774348126262994
0.1290378012936075,0.9342864839043443,0.7293585095525371,0.0,0.12547522665374639,1.176763326104046,-0.5803568040016515,-0.437852564900843,-0.8774348126262994,-0.8774348126262994
0.1307698523176828,0.9342864839043443,0.7293585095525371,0.0,0.12547522665374639,1.176763326104046,-0.6512349623471219,-0.437852564900843,1.0705779154279094,1.0705779154279094
0.13250190334175807,-1.0694015388578093,-0.7425477165231992,0.0,0.12547522665374639,-0.9955622296672595,-0.5803568040016515,-0.437852564900843,-0.9740490540407526,-0.9740490540407526
0.13423395436583332,-1.0694015388578093,-0.7425477165231992,0.0,0.12547522665374639,-0.9955622296672595,-0.5803568040016515,-0.437852564900843,-0.9740490540407526,-0.9740490540407526
0.1359660053899086,-1.0694015388578093,-0.7425477165231992,0.0,0.12547522665374639,-0.9955622296672595,-0.5803568040016515,-0.437852564900843,-0.9740490540407526,-0.9740490540407526
0.13769805641398386,-1.0694015388578093,-0.7425477165231992,0.0,0.12547522665374639,-0.9955622296672595,-0.5803568040016515,-0.437852564900843,-0.9740490540407526,-0.9740490540407526
0.13943010743805914,-1.0694015388578093,-0.7425477165231992,0.0,0.12547522665374639,-0.9955622296672595,-0.5803568040016515,-0.437852564900843,-0.9740490540407526,-0.9740490540407526
0.1411621584621344,-1.0694015388578093,-0.7425477165231992,0.0,0.12547522665374639,-0.9955622296672595,-0.5803568040016515,-0.437852564900843,-0.9740490540407526,-0.9740490540407526
0.14289420948620968,-1.0694015388578093,-0.7425477165231992,0.0,0.12547522665374639,-0.9955622296672595,-0.5803568040016515,-0.437852564900843,-0.9740490540407526,-0.9740490540407526
0.14462626051028493,-1.0694015388578093,-0.7425477165231992,0.0,0.12547522665374639,-0.9955622296672595,-0.5803568040016515,-0.437852564900843,-0.9740490540407526,-0.9740490540407526
0.1463583115343602,0.9342864839043443,0.7293585095525371,0.0,0.12547522665374639,1.176763326104046,-0.6512349623471219,-0.437852564900843,1.0705779154279094,1.0705779154279094
0.14809036255843547,0.9342864839043443,0.7293585095525371,0.0,0.12547522665374639,1.176763326104046,-0.6512349623471219,-0.437852564900843,1.0705779154279094,1.0705779154279094
0.14982241358251075,-1.0694015388578093,-0.7425477165231992,0.0,0.12547522665374639,-1.2022889986252152,-0.5803568040016515,-0.437852564900843,-0.9740490540407526,-0.9740490540407526
0.151554464606586,0.9342864839043443,0.7293585095525371,0.0,0.12547522665374639,1.176763326104046,-0.6512349623471219,-0.437852564900843,1.0705779154279094,1.0705779154279094
0.15328651563066129,-1.0694015388578093,-0.7425477165231992,0.0,0.12547522665374639,-0.6769996676664752,0.34105925448946267,-0.437852564900843,-0.9740490540407526,-0.9740490540407526
0.15501856665473654,0.9342864839043443,0.7293585095525371,0.0,0.12547522665374639,1.176763326104046,-0.6512349623471219,-0.437852564900843,1.0705779154279094,1.0705779154279094
0.15675061767881182,0.9342864839043443,0.7293585095525371,0.0,0.12547522665374639,1.176763326104046,-0.6512349623471219,-0.437852564900843,1.0705779154279094,1.0705779154279094
0.15848266870288708,0.9342864839043443,0.7293585095525371,0.0,0.12547522665374639,1.176763326104046,-0.6512349623471219,-0.437852564900843,1.0705779154279094,1.0705779154279094
0.16021471972696236,0.9342864839043443,0.7293585095525371,0.0,0.12547522665374639,1.176763326104046,-0.6512349623471219,-0.437852564900843,1.0705779154279094,1.0705779154279094
0.16194677075103764,0.9342864839043443,0.7293585095525371,0.0,0.12547522665374639,1.176763326104046,-0.6512349623471219,-0.437852564900843,1.0705779154279094,1.0705779154279094
0.1636788217751129,0.9342864839043443,0.7293585095525371,0.0,0.12547522665374639,1.176763326104046,-0.6512349623471219,-0.437852564900843,1.0705779154279094,1.0705779154279094
0.16541087279918817,0.9342864839043443,0.7293585095525371,0.0,0.12547522665374639,1.176763326104046,-0.6512349623471219,-0.437852564900843,1.0705779154279094,1.0705779154279094
0.16714292382326343,0.9342864839043443,0.7293585095525371,0.0,0.12547522665374639,1.176763326104046,-0.6512349623471219,-0.437852564900843,1.0705779154279094,1.0705779154279094
0.1688749748473387,0.9342864839043443,0.7293585095525371,0.0,0.12547522665374639,1.176763326104046,-0.6512349623471219,-0.437852564900843,1.0705779154279094,1.0705779154279094
0.17060702587141396,0.9342864839043443,0.7293585095525371,0.0,0.12547522665374639,1.176763326104046,-0.6512349623471219,-0.437852564900843,1.0705779154279094,1.0705779154279094
0.17233907689548925,0.9342864839043443,0.7293585095525371,0.0,0.12547522665374639,1.176763326104046,-0.6512349623471219,-0.437852564900843,1.0705779154279094,1.0705779154279094
0.1740711279195645,0.9342864839043443,0.7293585095525371,0.0,0.12547522665374639,1.176763326104046,-0.6512349623471219,-0.437852564900843,1.0705779154279094,1.0705779154279094
0.17580317894363978,0.9342864839043443,0.7293585095525371,0.0,0.12547522665374639,1.176763326104046,-0.6512349623471219,-0.437852564900843,1.0705779154279094,1.0705779154279094
0.17753522996771504,-1.0694015388578093,-0.7425477165231992,0.0,0.12547522665374639,-1.3615702796256073,1.906822207030307,0.08800622454856954,-0.9875301109823043,-0.9875301109823043
0.17926728099179032,-1.0694015388578093,-0.7425477165231992,0.0,0.12547522665374639,-1.3615702796256073,1.906822207030307,-0.13736182807260727,-0.9875301109823043,-0.9875301109823043
0.18099933201586557,-1.0694015388578093,-0.7425477165231992,0.0,0.12547522665374639,-1.3615702796256073,1.906822207030307,-0.13736182807260727,-0.9875301109823043,-0.9875301109823043
0.18273138303994085,-1.0694015388578093,-0.7425477165231992,0.0,0.12547522665374639,-1.3615702796256073,1.906822207030307,0.08800622454856954,-0.9875301109823043,-0.9875301109823043
0.1844634340640161,0.9342864839043443,0.7293585095525371,0.0,0.12547522665374639,1.176763326104046,-0.6512349623471219,-0.437852564900843,1.0705779154279094,1.0705779154279094
0.1861954850880914,0.9342864839043443,0.7293585095525371,0.0,0.12547522665374639,1.176763326104046,-0.6512349623471219,-0.437852564900843,1.0705779154279094,1.0705779154279094
0.18792753611216664,-1.0694015388578093,-0.7425477165231992,0.0,0.12547522665374639,-0.42621637417649616,1.906822207030307,2.604616145485044,-0.8369916418016445,-0.8369916418016445
0.18965958713624192,-1.0694015388578093,-0.7425477165231992,0.0,0.12547522665374639,-0.42621637417649616,1.906822207030307,2.604616145485044,-0.8369916418016445,-0.8369916418016445
0.1913916381603172,-1.0694015388578093,-0.7425477165231992,0.0,0.12547522665374639,-0.6769996676664752,0.17997253097703012,-0.437852564900843,-0.9718022112171607,-0.9718022112171607
0.19312368918439246,-1.0694015388578093,-0.7425477165231992,0.0,0.12547522665374639,-0.6769996676664752,0.17997253097703012,-0.437852564900843,-0.9718022112171607,-0.9718022112171607
0.19485574020846774,-1.0694015388578093,-0.7425477165231992,0.0,0.12547522665374639,-0.42621637417649616,1.906822207030307,2.604616145485044,-0.8369916418016445,-0.8369916418016445
0.196587791232543,-1.0694015388578093,-0.7425477165231992,0.0,0.12547522665374639,-0.6769996676664752,0.17997253097703012,-0.40029122279731355,-0.9246185119217301,-0.9246185119217301
0.19831984225661828,0.9342864839043443,0.7293585095525371,0.0,0.12547522665374639,1.176763326104046,-0.6512349623471219,-0.437852564900843,1.0705779154279094,1.0705779154279094
0.20005189328069353,0.9342864839043443,0.7293585095525371,0.0,0.12547522665374639,1.176763326104046,-0.6512349623471219,-0.437852564900843,1.0705779154279094,1.0705779154279094
0.20178394430476881,0.9342864839043443,0.7293585095525371,0.0,0.12547522665374639,1.176763326104046,-0.6512349623471219,-0.437852564900843,1.0705779154279094,1.0705779154279094
0.20351599532884407,0.9342864839043443,0.7293585095525371,0.0,0.12547522665374639,1.176763326104046,-0.6512349623471219,-0.437852564900843,1.0705779154279094,1.0705779154279094
0.20524804635291935,0.9342864839043443,0.7293585095525371,0.0,0.12547522665374639,1.176763326104046,-0.6512349623471219,-0.437852564900843,1.0705779154279094,1.0705779154279094
0.2069800973769946,0.9342864839043443,0.7293585095525371,0.0,0.12547522665374639,1.176763326104046,-0.6512349623471219,-0.437852564900843,1.0705779154279094,1.0705779154279094
0.20871214840106989,-1.0694015388578093,-0.7425477165231992,0.0,0.12547522665374639,-0.42621637417649616,1.906822207030307,2.604616145485044,-0.8369916418016445,-0.8369916418016445
0.21044419942514514,-1.0694015388578093,-0.7425477165231992,0.0,0.12547522665374639,-0.42621637417649616,1.906822207030307,2.604616145485044,-0.8369916418016445,-0.8369916418016445
0.21217625044922042,-1.0694015388578093,-0.7425477165231992,0.0,0.12547522665374639,-0.42621637417649616,1.906822207030307,2.604616145485044,-0.8369916418016445,-0.8369916418016445
0.21390830147329568,0.9342864839043443,0.7293585095525371,0.0,0.12547522665374639,1.176763326104046,-0.6512349623471219,-0.437852564900843,1.0705779154279094,1.0705779154279094
0.21564035249737096,0.9342864839043443,0.7293585095525371,0.0,0.12547522665374639,1.176763326104046,-0.6512349623471219,-0.437852564900843,1.0705779154279094,1.0705779154279094
0.21737240352144624,0.934023014078866,0.7293585095525371,0.0,0.12547522665374639,-1.4903508897961373,-0.6447914934066246,-0.437852564900843,-0.9718022112171607,-0.9718022112171607
0.2191044545455215,0.934023014078866,0.7293585095525371,0.0,0.12547522665374639,1.176763326104046,-0.6447914934066246,-0.437852564900843,-0.8774348126262994,-0.8774348126262994
0.22083650556959677,-1.0694015388578093,-0.7425477165231992,0.0,0.12547522665374639,-0.6769996676664752,0.17997253097703012,-0.40029122279731355,-0.9223716690981381,-0.9223716690981381
0.22256855659367203,-1.0694015388578093,-0.7425477165231992,0.0,0.12547522665374639,-1.2022889986252152,0.34105925448946267,-0.437852564900843,-0.9718022112171607,-0.9718022112171607
0.2243006076177473,-1.0694015388578093,-0.7425477165231992,0.0,0.12547522665374639,-0.6769996676664752,-0.5803568040016515,-0.437852564900843,-0.9718022112171607,-0.9718022112171607
0.22603265864182256,-1.0694015388578093,-0.7425477165231992,0.0,0.12547522665374639,-0.6769996676664752,0.17997253097703012,-0.40029122279731355,-0.9246185119217301,-0.9246185119217301
0.22776470966589785,-1.0694015388578093,-0.7425477165231992,0.0,0.12547522665374639,-0.6769996676664752,0.17997253097703012,-0.40029122279731355,-0.9223716690981381,-0.9223716690981381
0.2294967606899731,-1.0694015388578093,-0.7425477165231992,0.0,0.12547522665374639,-0.6769996676664752,-0.5803568040016515,-0.437852564900843,-0.9718022112171607,-0.9718022112171607
0.23122881171404838,0.9342864839043443,0.7293585095525371,0.0,0.12547522665374639,1.176763326104046,-0.6512349623471219,-0.437852564900843,1.0705779154279094,1.0705779154279094
0.23296086273812364,0.9342864839043443,0.7293585095525371,0.0,0.12547522665374639,1.176763326104046,-0.6512349623471219,-0.437852564900843,1.0705779154279094,1.0705779154279094
0.23469291376219892,-1.0694015388578093,-0.7425477165231992,0.0,0.12547522665374639,-0.42621637417649616,1.906822207030307,2.604616145485044,-0.8369916418016445,-0.8369916418016445
0.23642496478627417,-1.0694015388578093,-0.7425477165231992,0.0,0.12547522665374639,-0.42621637417649616,1.906822207030307,2.604616145485044,-0.8369916418016445,-0.8369916418016445
0.23815701581034945,-1.0694015388578093,-0.7425477165231992,0.0,0.12547522665374639,-0.42621637417649616,1.906822207030307,2.604616145485044,-0.8369916418016445,-0.8369916418016445
0.2398890668344247,0.9387654709374746,0.7293585095525371,0.0,0.12547522665374639,-0.8600036926456492,-0.6512349623471219,-0.437852564900843,1.0705779154279094,1.0705779154279094
0.2416211178585,0.9389411174877935,0.7293585095525371,0.0,0.12547522665374639,-0.8600036926456492,-0.6512349623471219,-0.437852564900843,1.0705779154279094,1.0705779154279094
0.24335316888257524,0.9389411174877935,0.7293585095525371,0.0,0.12547522665374639,-0.8600036926456492,0.34105925448946267,-0.437852564900843,1.0705779154279094,1.0705779154279094
0.24508521990665053,0.936745535608808,0.7293585095525371,0.0,0.12547522665374639,-0.8600036926456492,-0.6512349623471219,-0.437852564900843,1.0705779154279094,1.0705779154279094
0.2468172709307258,0.9342864839043443,0.7293585095525371,0.0,0.12547522665374639,1.176763326104046,-0.6190176176446354,-0.437852564900843,-0.9718022112171607,-0.9718022112171607
0.24854932195480106,-1.0694015388578093,-0.7425477165231992,0.0,0.12547522665374639,-0.6769996676664752,-0.6190176176446354,-0.437852564900843,-0.9718022112171607,-0.9718022112171607
0.2502813729788763,0.9375359450852429,0.7293585095525371,0.0,0.12547522665374639,-0.8600036926456492,-0.6512349623471219,-0.437852564900843,1.0705779154279094,1.0705779154279094
0.2520134240029516,-1.0694015388578093,-0.7425477165231992,0.0,0.12547522665374639,-1.2022889986252152,0.34105925448946267,-0.437852564900843,-0.9718022112171607,-0.9718022112171607
0.2537454750270269,0.9342864839043443,0.7293585095525371,0.0,0.12547522665374639,1.176763326104046,-0.6512349623471219,-0.437852564900843,1.0705779154279094,1.0705779154279094
0.25547752605110213,-1.0694015388578093,-0.7425477165231992,0.0,0.12547522665374639,-1.2022889986252152,-0.6190176176446354,-0.437852564900843,-0.9740490540407526,-0.9740490540407526
0.2572095770751774,-1.0694015388578093,-0.7425477165231992,0.0,0.12547522665374639,-1.2022889986252152,-0.6190176176446354,-0.437852564900843,-0.9740490540407526,-0.9740490540407526
0.2589416280992527,-1.0694015388578093,-0.7425477165231992,0.0,0.12547522665374639,-0.6769996676664752,-0.6190176176446354,-0.437852564900843,-0.9740490540407526,-0.9740490540407526
0.26067367912332795,-1.0694015388578093,-0.7425477165231992,0.0,0.12547522665374639,-0.42621637417649616,1.906822207030307,2.604616145485044,-0.8369916418016445,-0.8369916418016445
0.2624057301474032,-1.0694015388578093,-0.7425477165231992,0.0,0.12547522665374639,-0.42621637417649616,1.906822207030307,2.604616145485044,-0.8369916418016445,-0.8369916418016445
0.26413778117147846,-1.0694015388578093,-0.7425477165231992,0.0,0.12547522665374639,-0.42621637417649616,1.906822207030307,2.604616145485044,-0.8369916418016445,-0.8369916418016445
0.26586983219555377,0.9342864839043443,0.7293585095525371,0.0,0.12547522665374639,1.176763326104046,-0.6512349623471219,-0.437852564900843,1.0705779154279094,1.0705779154279094
0.267601883219629,-1.0694015388578093,-0.7425477165231992,0.0,0.12547522665374639,-0.6769996676664752,-0.6190176176446354,-0.437852564900843,-0.9740490540407526,-0.9740490540407526
0.2693339342437043,0.9342864839043443,0.7293585095525371,0.0,0.12547522665374639,1.176763326104046,-0.6512349623471219,-0.437852564900843,1.0705779154279094,1.0705779154279094
0.27106598526777953,0.9342864839043443,0.7293585095525371,0.0,0.12547522665374639,-1.4937398532216775,-0.6447914934066246,0.31337427716974636,-0.9740490540407526,-0.9740490540407526
0.27279803629185484,0.9342864839043443,0.7293585095525371,0.0,0.12547522665374639,1.176763326104046,-0.6447914934066246,-0.437852564900843,-0.8774348126262994,-0.8774348126262994
0.2745300873159301,-1.0694015388578093,-0.7425477165231992,0.0,-7.969700686491185,-0.42621637417649616,1.906822207030307,0.6514263561015116,-0.9538274686284252,-0.9538274686284252
0.27626213834000535,-1.0694015388578093,-0.7425477165231992,0.0,0.12547522665374639,-0.42621637417649616,1.906822207030307,0.6514263561015116,-0.9538274686284252,-0.9538274686284252
0.27799418936408066,-1.0694015388578093,-0.7425477165231992,0.0,0.12547522665374639,-0.42621637417649616,1.906822207030307,0.31337427716974636,-0.9740490540407526,-0.9740490540407526
0.2797262403881559,0.9342864839043443,0.7293585095525371,0.0,0.12547522665374639,1.176763326104046,-0.5803568040016515,-0.437852564900843,-0.8774348126262994,-0.8774348126262994
0.28145829141223117,0.9342864839043443,0.7293585095525371,0.0,0.12547522665374639,1.176763326104046,-0.6512349623471219,-0.437852564900843,1.0705779154279094,1.0705779154279094
0.2831903424363064,-1.0694015388578093,-0.7425477165231992,0.0,0.12547522665374639,-0.9955622296672595,-0.5803568040016515,-0.437852564900843,-0.9740490540407526,-0.9740490540407526
0.28492239346038173,-1.0694015388578093,-0.7425477165231992,0.0,0.12547522665374639,-0.9955622296672595,-0.5803568040016515,-0.437852564900843,-0.9740490540407526,-0.9740490540407526
0.286654444484457,-1.0694015388578093,-0.7425477165231992,0.0,0.12547522665374639,-0.9955622296672595,-0.5803568040016515,-0.437852564900843,-0.9740490540407526,-0.9740490540407526
0.28838649550853224,-1.0694015388578093,-0.7425477165231992,0.0,0.12547522665374639,-0.9955622296672595,-0.5803568040016515,-0.437852564900843,-0.9740490540407526,-0.9740490540407526
0.2901185465326075,-1.0694015388578093,-0.7425477165231992,0.0,0.12547522665374639,-0.9955622296672595,-0.5803568040016515,-0.437852564900843,-0.9740490540407526,-0.9740490540407526
0.2918505975566828,-1.0694015388578093,-0.7425477165231992,0.0,0.12547522665374639,-0.9955622296672595,-0.5803568040016515,-0.437852564900843,-0.9740490540407526,-0.9740490540407526
0.29358264858075805,-1.0694015388578093,-0.7425477165231992,0.0,0.12547522665374639,-0.9955622296672595,-0.5803568040016515,-0.437852564900843,-0.9740490540407526,-0.9740490540407526
0.2953146996048333,-1.0694015388578093,-0.7425477165231992,0.0,0.12547522665374639,-0.9955622296672595,-0.5803568040016515,-0.437852564900843,-0.9740490540407526,-0.9740490540407526
0.29704675062890856,0.9342864839043443,0.7293585095525371,0.0,0.12547522665374639,1.176763326104046,-0.6512349623471219,-0.437852564900843,1.0705779154279094,1.0705779154279094
0.29877880165298387,0.9342864839043443,0.7293585095525371,0.0,0.12547522665374639,1.176763326104046,-0.6512349623471219,-0.437852564900843,1.0705779154279094,1.0705779154279094
0.3005108526770591,-1.0694015388578093,-0.7425477165231992,0.0,0.12547522665374639,-1.2022889986252152,-0.5803568040016515,-0.437852564900843,-0.9740490540407526,-0.9740490540407526
0.3022429037011344,0.9342864839043443,0.7293585095525371,0.0,0.12547522665374639,1.176763326104046,-0.6512349623471219,-0.437852564900843,1.0705779154279094,1.0705779154279094
0.3039749547252097,-1.0694015388578093,-0.7425477165231992,0.0,0.12547522665374639,-0.6769996676664752,0.34105925448946267,-0.437852564900843,-0.9740490540407526,-0.9740490540407526
0.30570700574928494,0.9342864839043443,0.7293585095525371,0.0,0.12547522665374639,1.176763326104046,-0.6512349623471219,-0.437852564900843,1.0705779154279094,1.0705779154279094
0.3074390567733602,0.9342864839043443,0.7293585095525371,0.0,0.12547522665374639,1.176763326104046,-0.6512349623471219,-0.437852564900843,1.0705779154279094,1.0705779154279094
0.30917110779743545,0.9342864839043443,0.7293585095525371,0.0,0.12547522665374639,1.176763326104046,-0.6512349623471219,-0.437852564900843,1.0705779154279094,1.0705779154279094
0.31090315882151076,0.9342864839043443,0.7293585095525371,0.0,0.12547522665374639,1.176763326104046,-0.6512349623471219,-0.437852564900843,1.0705779154279094,1.0705779154279094
0.312635209845586,0.9342864839043443,0.7293585095525371,0.0,0.12547522665374639,1.176763326104046,-0.6512349623471219,-0.437852564900843,1.0705779154279094,1.0705779154279094
0.31436726086966127,0.9342864839043443,0.7293585095525371,0.0,0.12547522665374639,1.176763326104046,-0.6512349623471219,-0.437852564900843,1.0705779154279094,1.0705779154279094
0.3160993118937365,0.9342864839043443,0.7293585095525371,0.0,0.12547522665374639,1.176763326104046,-0.6512349623471219,-0.437852564900843,1.0705779154279094,1.0705779154279094
0.31783136291781183,0.9342864839043443,0.7293585095525371,0.0,0.12547522665374639,1.176763326104046,-0.6512349623471219,-0.437852564900843,1.0705779154279094,1.0705779154279094
0.3195634139418871,0.9342864839043443,0.7293585095525371,0.0,0.12547522665374639,1.176763326104046,-0.6512349623471219,-0.437852564900843,1.0705779154279094,1.0705779154279094
0.32129546496596234,0.9342864839043443,0.7293585095525371,0.0,0.12547522665374639,1.176763326104046,-0.6512349623471219,-0.437852564900843,1.0705779154279094,1.0705779154279094
0.3230275159900376,0.9342864839043443,0.7293585095525371,0.0,0.12547522665374639,1.176763326104046,-0.6512349623471219,-0.437852564900843,1.0705779154279094,1.0705779154279094
0.3247595670141129,0.9342864839043443,0.7293585095525371,0.0,0.12547522665374639,1.176763326104046,-0.6512349623471219,-0.437852564900843,1.0705779154279094,1.0705779154279094
0.32649161803818816,0.9342864839043443,0.7293585095525371,0.0,0.12547522665374639,1.176763326104046,-0.6512349623471219,-0.437852564900843,1.0705779154279094,1.0705779154279094
0.3282236690622634,0.9342864839043443,0.7293585095525371,0.0,0.12547522665374639,1.176763326104046,-0.6512349623471219,-0.437852564900843,1.0705779154279094,1.0705779154279094
0.32995572008633867,0.9342864839043443,0.7293585095525371,0.0,0.12547522665374639,1.176763326104046,-0.6512349623471219,-0.437852564900843,1.0705779154279094,1.0705779154279094
0.331687771110414,-1.0694015388578093,-0.7425477165231992,0.0,0.12547522665374639,-0.42621637417649616,1.906822207030307,2.604616145485044,-0.8369916418016445,-0.8369916418016445
0.33341982213448923,-1.0694015388578093,-0.7425477165231992,0.0,0.12547522665374639,-0.42621637417649616,1.906822207030307,2.604616145485044,-0.8369916418016445,-0.8369916418016445
0.3351518731585645,-1.0694015388578093,-0.7425477165231992,0.0,0.12547522665374639,-0.42621637417649616,1.906822207030307,2.604616145485044,-0.8369916418016445,-0.8369916418016445
0.3368839241826398,-1.0694015388578093,-0.7425477165231992,0.0,0.12547522665374639,-0.6769996676664752,0.17997253097703012,-0.437852564900843,-0.9718022112171607,-0.9718022112171607
0.33861597520671505,-1.0694015388578093,-0.7425477165231992,0.0,0.12547522665374639,-0.6769996676664752,0.17997253097703012,-0.437852564900843,-0.9718022112171607,-0.9718022112171607
0.3403480262307903,-1.0694015388578093,-0.7425477165231992,0.0,0.12547522665374639,-0.6769996676664752,0.17997253097703012,-0.40029122279731355,-0.9246185119217301,-0.9246185119217301
0.34208007725486556,0.9342864839043443,0.7293585095525371,0.0,0.12547522665374639,1.176763326104046,-0.6512349623471219,-0.437852564900843,1.0705779154279094,1.0705779154279094
0.34381212827894087,0.9342864839043443,0.7293585095525371,0.0,0.12547522665374639,1.176763326104046,-0.6512349623471219,-0.437852564900843,1.0705779154279094,1.0705779154279094
0.3455441793030161,0.9342864839043443,0.7293585095525371,0.0,0.12547522665374639,1.176763326104046,-0.6512349623471219,-0.437852564900843,1.0705779154279094,1.0705779154279094
0.3472762303270914,0.9342864839043443,0.7293585095525371,0.0,0.12547522665374639,1.176763326104046,-0.6512349623471219,-0.437852564900843,1.0705779154279094,1.0705779154279094
0.3490082813511666,0.956417949244518,-11.474714372791954,0.0,0.12547522665374639,-1.541185341179241,-0.6512349623471219,-0.28760719648672517,-1.0099985392182236,-1.0099985392182236
0.35074033237524194,0.9342864839043443,0.7293585095525371,0.0,0.12547522665374639,1.176763326104046,-0.6512349623471219,-0.437852564900843,1.0705779154279094,1.0705779154279094
0.3524723833993172,0.9342864839043443,0.7293585095525371,0.0,0.12547522665374639,1.176763326104046,-0.6512349623471219,-0.437852564900843,1.0705779154279094,1.0705779154279094
0.35420443442339244,-1.0694015388578093,-0.7425477165231992,0.0,0.12547522665374639,-0.42621637417649616,1.906822207030307,2.604616145485044,-0.8369916418016445,-0.8369916418016445
0.3559364854474677,-1.0694015388578093,-0.7425477165231992,0.0,0.12547522665374639,-0.42621637417649616,1.906822207030307,2.604616145485044,-0.8369916418016445,-0.8369916418016445
0.357668536471543,-1.0694015388578093,-0.7425477165231992,0.0,0.12547522665374639,-0.42621637417649616,1.906822207030307,2.604616145485044,-0.8369916418016445,-0.8369916418016445
0.35940058749561826,0.9342864839043443,0.7293585095525371,0.0,0.12547522665374639,1.176763326104046,-0.6512349623471219,-0.437852564900843,1.0705779154279094,1.0705779154279094
0.3611326385196935,0.9342864839043443,0.7293585095525371,0.0,0.12547522665374639,1.176763326104046,-0.6512349623471219,-0.437852564900843,1.0705779154279094,1.0705779154279094
0.3628646895437688,0.9342864839043443,0.7293585095525371,0.0,0.12547522665374639,1.176763326104046,-0.6512349623471219,-0.437852564900843,1.0705779154279094,1.0705779154279094
0.3645967405678441,0.934023014078866,0.7293585095525371,0.0,0.12547522665374639,-1.4903508897961373,-0.6447914934066246,-0.437852564900843,-0.9718022112171607,-0.9718022112171607
0.36632879159191933,0.934023014078866,0.7293585095525371,0.0,0.12547522665374639,1.176763326104046,-0.6447914934066246,-0.437852564900843,-0.8774348126262994,-0.8774348126262994
0.3680608426159946,-1.0694015388578093,-0.7425477165231992,0.0,0.12547522665374639,-0.6769996676664752,0.17997253097703012,-0.40029122279731355,-0.9223716690981381,-0.9223716690981381
0.3697928936400699,0.9342864839043443,0.7293585095525371,0.0,0.12547522665374639,1.176763326104046,-0.6512349623471219,-0.437852564900843,1.0705779154279094,1.0705779154279094
0.37152494466414515,-1.0694015388578093,-0.7425477165231992,0.0,0.12547522665374639,-1.2022889986252152,0.34105925448946267,-0.437852564900843,-0.9718022112171607,-0.9718022112171607
0.3732569956882204,-1.0694015388578093,-0.7425477165231992,0.0,0.12547522665374639,-0.6769996676664752,-0.5803568040016515,-0.437852564900843,-0.9718022112171607,-0.9718022112171607
0.37498904671229566,-1.0694015388578093,-0.7425477165231992,0.0,0.12547522665374639,-0.6769996676664752,0.17997253097703012,-0.40029122279731355,-0.9246185119217301,-0.9246185119217301
0.37672109773637097,-1.0694015388578093,-0.7425477165231992,0.0,0.12547522665374639,-0.6769996676664752,0.17997253097703012,-0.40029122279731355,-0.9223716690981381,-0.9223716690981381
0.3784531487604462,-1.0694015388578093,-0.7425477165231992,0.0,0.12547522665374639,-0.6769996676664752,-0.5803568040016515,-0.437852564900843,-0.9718022112171607,-0.9718022112171607
0.3801851997845215,0.9342864839043443,0.7293585095525371,0.0,0.12547522665374639,1.176763326104046,-0.6512349623471219,-0.437852564900843,1.0705779154279094,1.0705779154279094
0.38191725080859673,0.9342864839043443,0.7293585095525371,0.0,0.12547522665374639,1.176763326104046,-0.6512349623471219,-0.437852564900843,1.0705779154279094,1.0705779154279094
0.38364930183267204,-1.0694015388578093,-0.7425477165231992,0.0,0.12547522665374639,-0.42621637417649616,1.906822207030307,2.604616145485044,-0.8369916418016445,-0.8369916418016445
0.3853813528567473,-1.0694015388578093,-0.7425477165231992,0.0,0.12547522665374639,-0.42621637417649616,1.906822207030307,2.604616145485044,-0.8369916418016445,-0.8369916418016445
0.38711340388082255,-1.0694015388578093,-0.7425477165231992,0.0,0.12547522665374639,-0.42621637417649616,1.906822207030307,2.604616145485044,-0.8369916418016445,-0.8369916418016445
0.3888454549048978,0.9387654709374746,0.7293585095525371,0.0,0.12547522665374639,-0.8600036926456492,-0.6512349623471219,-0.437852564900843,1.0705779154279094,1.0705779154279094
0.3905775059289731,0.9381507080113588,0.7293585095525371,0.0,0.12547522665374639,-0.8600036926456492,-0.6512349623471219,-0.437852564900843,1.0705779154279094,1.0705779154279094
0.39230955695304837,0.9382385312865181,0.7293585095525371,0.0,0.12547522665374639,-0.8600036926456492,-0.6512349623471219,-0.437852564900843,1.0705779154279094,1.0705779154279094
0.3940416079771236,0.9382385312865181,0.7293585095525371,0.0,0.12547522665374639,-0.8600036926456492,0.34105925448946267,-0.437852564900843,1.0705779154279094,1.0705779154279094
0.39577365900119893,0.9381507080113588,0.7293585095525371,0.0,0.12547522665374639,-0.8600036926456492,0.34105925448946267,-0.437852564900843,1.0705779154279094,1.0705779154279094
0.3975057100252742,0.9381507080113588,0.7293585095525371,0.0,0.12547522665374639,-0.8600036926456492,0.34105925448946267,-0.437852564900843,1.0705779154279094,1.0705779154279094
0.39923776104934944,0.936745535608808,0.7293585095525371,0.0,0.12547522665374639,-0.8600036926456492,-0.6512349623471219,-0.437852564900843,1.0705779154279094,1.0705779154279094
0.4009698120734247,0.936745535608808,0.7293585095525371,0.0,0.12547522665374639,-0.8600036926456492,0.34105925448946267,-0.437852564900843,1.0705779154279094,1.0705779154279094
0.4027018630975,-1.0694015388578093,-0.7425477165231992,0.0,0.12547522665374639,-0.42621637417649616,1.906822207030307,2.604616145485044,-0.8369916418016445,-0.8369916418016445
0.40443391412157526,-1.0694015388578093,-0.7425477165231992,0.0,0.12547522665374639,-0.42621637417649616,1.906822207030307,2.604616145485044,-0.8369916418016445,-0.8369916418016445
0.4061659651456505,0.9389411174877935,0.7293585095525371,0.0,0.12547522665374639,-0.8600036926456492,-0.6512349623471219,-0.437852564900843,1.0705779154279094,1.0705779154279094
0.40789801616972576,-1.0694015388578093,-0.7425477165231992,0.0,0.12547522665374639,-0.42621637417649616,1.906822207030307,2.604616145485044,-0.8369916418016445,-0.8369916418016445
0.4096300671938011,0.9389411174877935,0.7293585095525371,0.0,0.12547522665374639,-0.8600036926456492,0.34105925448946267,-0.437852564900843,1.0705779154279094,1.0705779154279094
0.4113621182178763,0.9387654709374746,0.7293585095525371,0.0,0.12547522665374639,-0.8600036926456492,0.34105925448946267,-0.437852564900843,1.0705779154279094,1.0705779154279094
0.4130941692419516,0.9387654709374746,0.7293585095525371,0.0,0.12547522665374639,-0.8600036926456492,0.34105925448946267,-0.437852564900843,1.0705779154279094,1.0705779154279094
0.41482622026602683,0.9387654709374746,0.7293585095525371,0.0,0.12547522665374639,-0.8600036926456492,0.34105925448946267,-0.437852564900843,1.0705779154279094,1.0705779154279094
0.41655827129010214,0.9387654709374746,0.7293585095525371,0.0,0.12547522665374639,-0.8600036926456492,0.34105925448946267,-0.437852564900843,1.0705779154279094,1.0705779154279094
0.4182903223141774,0.9342864839043443,0.7293585095525371,0.0,0.12547522665374639,1.176763326104046,-0.6190176176446354,-0.437852564900843,-0.9718022112171607,-0.9718022112171607
0.42002237333825265,-1.0694015388578093,-0.7425477165231992,0.0,0.12547522665374639,-0.6769996676664752,-0.6190176176446354,-0.437852564900843,-0.9718022112171607,-0.9718022112171607
0.42175442436232796,0.9379750614610399,0.7293585095525371,0.0,0.12547522665374639,-0.8600036926456492,-0.6512349623471219,-0.437852564900843,1.0705779154279094,1.0705779154279094
0.4234864753864032,-1.0694015388578093,-0.7425477165231992,0.0,0.12547522665374639,-1.2022889986252152,0.34105925448946267,-0.437852564900843,-0.9718022112171607,-0.9718022112171607
0.42521852641047847,0.9342864839043443,0.7293585095525371,0.0,0.12547522665374639,1.176763326104046,-0.6512349623471219,-0.437852564900843,1.0705779154279094,1.0705779154279094
0.4269505774345537,-1.0694015388578093,-0.7425477165231992,0.0,0.12547522665374639,-1.2022889986252152,-0.6190176176446354,-0.437852564900843,-0.9740490540407526,-0.9740490540407526
0.42868262845862903,-1.0694015388578093,-0.7425477165231992,0.0,0.12547522665374639,-1.2022889986252152,-0.6190176176446354,-0.437852564900843,-0.9740490540407526,-0.9740490540407526
0.4304146794827043,-1.0694015388578093,-0.7425477165231992,0.0,0.12547522665374639,-0.6769996676664752,-0.6190176176446354,-0.437852564900843,-0.9740490540407526,-0.9740490540407526
0.43214673050677954,0.9342864839043443,0.7293585095525371,0.0,0.12547522665374639,1.176763326104046,-0.6512349623471219,-0.437852564900843,1.0705779154279094,1.0705779154279094
0.4338787815308548,-1.0694015388578093,-0.7425477165231992,0.0,0.12547522665374639,-0.6769996676664752,-0.6190176176446354,-0.437852564900843,-0.9740490540407526,-0.9740490540407526
0.4356108325549301,0.9342864839043443,0.7293585095525371,0.0,0.12547522665374639,1.176763326104046,-0.6512349623471219,-0.437852564900843,1.0705779154279094,1.0705779154279094
0.43734288357900536,0.9342864839043443,0.7293585095525371,0.0,0.12547522665374639,-1.4937398532216775,-0.6447914934066246,0.31337427716974636,-0.9740490540407526,-0.9740490540407526
0.4390749346030806,0.9342864839043443,0.7293585095525371,0.0,0.12547522665374639,1.176763326104046,-0.6447914934066246,-0.437852564900843,-0.8774348126262994,-0.8774348126262994
0.44080698562715587,-1.0694015388578093,-0.7425477165231992,0.0,0.12547522665374639,-1.3615702796256073,1.906822207030307,0.08800622454856954,-0.9875301109823043,-0.9875301109823043
0.4425390366512312,-1.0694015388578093,-0.7425477165231992,0.0,0.12547522665374639,-1.3615702796256073,1.906822207030307,-0.25004585438319565,-0.9875301109823043,-0.9875301109823043
0.44427108767530643,-1.0694015388578093,-0.7425477165231992,0.0,0.12547522665374639,-1.3615702796256073,1.906822207030307,-0.25004585438319565,-0.9875301109823043,-0.9875301109823043
0.4460031386993817,-1.0694015388578093,-0.7425477165231992,0.0,0.12547522665374639,-1.3615702796256073,1.906822207030307,0.08800622454856954,-0.9875301109823043,-0.9875301109823043
0.44773518972345694,-1.0694015388578093,-0.7425477165231992,0.0,-7.969700686491185,-0.42621637417649616,1.906822207030307,0.6514263561015116,-0.9538274686284252,-0.9538274686284252
0.44946724074753225,-1.0694015388578093,-0.7425477165231992,0.0,0.12547522665374639,-0.42621637417649616,1.906822207030307,0.6514263561015116,-0.9538274686284252,-0.9538274686284252
0.4511992917716075,-1.0694015388578093,-0.7425477165231992,0.0,0.12547522665374639,-0.42621637417649616,1.906822207030307,-0.13736182807260727,-1.0010111679238558,-1.0010111679238558
0.45293134279568276,-1.0694015388578093,-0.7425477165231992,0.0,-7.969700686491185,-0.42621637417649616,1.906822207030307,0.6514263561015116,-0.9538274686284252,-0.9538274686284252
0.45466339381975807,-1.0694015388578093,-0.7425477165231992,0.0,0.12547522665374639,-0.42621637417649616,1.906822207030307,0.6514263561015116,-0.9538274686284252,-0.9538274686284252
0.4563954448438333,-1.0694015388578093,-0.7425477165231992,0.0,0.12547522665374639,-0.42621637417649616,1.906822207030307,0.31337427716974636,-0.9740490540407526,-0.9740490540407526
0.4581274958679086,0.9342864839043443,0.7293585095525371,0.0,0.12547522665374639,1.176763326104046,-0.5803568040016515,-0.437852564900843,-0.8774348126262994,-0.8774348126262994
0.45985954689198383,0.9342864839043443,0.7293585095525371,0.0,0.12547522665374639,1.176763326104046,-0.6512349623471219,-0.437852564900843,1.0705779154279094,1.0705779154279094
0.46159159791605914,-1.0694015388578093,-0.7425477165231992,0.0,0.12547522665374639,-0.9955622296672595,-0.5803568040016515,-0.437852564900843,-0.9740490540407526,-0.9740490540407526
0.4633236489401344,-1.0694015388578093,-0.7425477165231992,0.0,0.12547522665374639,-0.9955622296672595,-0.5803568040016515,-0.437852564900843,-0.9740490540407526,-0.9740490540407526
0.46505569996420965,-1.0694015388578093,-0.7425477165231992,0.0,0.12547522665374639,-0.9955622296672595,-0.5803568040016515,-0.437852564900843,-0.9740490540407526,-0.9740490540407526
0.4667877509882849,-1.0694015388578093,-0.7425477165231992,0.0,0.12547522665374639,-0.9955622296672595,-0.5803568040016515,-0.437852564900843,-0.9740490540407526,-0.9740490540407526
0.4685198020123602,-1.0694015388578093,-0.7425477165231992,0.0,0.12547522665374639,-0.9955622296672595,-0.5803568040016515,-0.437852564900843,-0.9740490540407526,-0.9740490540407526
0.47025185303643546,-1.0694015388578093,-0.7425477165231992,0.0,0.12547522665374639,-0.9955622296672595,-0.5803568040016515,-0.437852564900843,-0.9740490540407526,-0.9740490540407526
0.4719839040605107,-1.0694015388578093,-0.7425477165231992,0.0,0.12547522665374639,-0.9955622296672595,-0.5803568040016515,-0.437852564900843,-0.9740490540407526,-0.9740490540407526
0.47371595508458597,-1.0694015388578093,-0.7425477165231992,0.0,0.12547522665374639,-0.9955622296672595,-0.5803568040016515,-0.437852564900843,-0.9740490540407526,-0.9740490540407526
0.4754480061086613,0.9342864839043443,0.7293585095525371,0.0,0.12547522665374639,1.176763326104046,-0.6512349623471219,-0.437852564900843,1.0705779154279094,1.0705779154279094
0.47718005713273653,0.9342864839043443,0.7293585095525371,0.0,0.12547522665374639,1.176763326104046,-0.6512349623471219,-0.437852564900843,1.0705779154279094,1.0705779154279094
0.4789121081568118,-1.0694015388578093,-0.7425477165231992,0.0,0.12547522665374639,-1.2022889986252152,-0.5803568040016515,-0.437852564900843,-0.9740490540407526,-0.9740490540407526
0.4806441591808871,0.9342864839043443,0.7293585095525371,0.0,0.12547522665374639,1.176763326104046,-0.6512349623471219,-0.437852564900843,1.0705779154279094,1.0705779154279094
0.48237621020496235,-1.0694015388578093,-0.7425477165231992,0.0,0.12547522665374639,-0.6769996676664752,0.34105925448946267,-0.437852564900843,-0.9740490540407526,-0.9740490540407526
0.4841082612290376,0.9342864839043443,0.7293585095525371,0.0,0.12547522665374639,1.176763326104046,-0.6512349623471219,-0.437852564900843,1.0705779154279094,1.0705779154279094
0.48584031225311286,0.9342864839043443,0.7293585095525371,0.0,0.12547522665374639,1.176763326104046,-0.6512349623471219,-0.437852564900843,1.0705779154279094,1.0705779154279094
0.48757236327718817,0.9342864839043443,0.7293585095525371,0.0,0.12547522665374639,1.176763326104046,-0.6512349623471219,-0.437852564900843,1.0705779154279094,1.0705779154279094
0.4893044143012634,0.9342864839043443,0.7293585095525371,0.0,0.12547522665374639,1.176763326104046,-0.6512349623471219,-0.437852564900843,1.0705779154279094,1.0705779154279094
0.4910364653253387,0.9342864839043443,0.7293585095525371,0.0,0.12547522665374639,1.176763326104046,-0.6512349623471219,-0.437852564900843,1.0705779154279094,1.0705779154279094
0.49276851634941393,0.9342864839043443,0.7293585095525371,0.0,0.12547522665374639,1.176763326104046,-0.6512349623471219,-0.437852564900843,1.0705779154279094,1.0705779154279094
0.49450056737348924,0.9342864839043443,0.7293585095525371,0.0,0.12547522665374639,1.176763326104046,-0.6512349623471219,-0.437852564900843,1.0705779154279094,1.0705779154279094
0.4962326183975645,0.9342864839043443,0.7293585095525371,0.0,0.12547522665374639,1.176763326104046,-0.6512349623471219,-0.437852564900843,1.0705779154279094,1.0705779154279094
0.49796466942163975,0.9342864839043443,0.7293585095525371,0.0,0.12547522665374639,1.176763326104046,-0.6512349623471219,-0.437852564900843,1.0705779154279094,1.0705779154279094
0.499696720445715,0.9342864839043443,0.7293585095525371,0.0,0.12547522665374639,1.176763326104046,-0.6512349623471219,-0.437852564900843,1.0705779154279094,1.0705779154279094
0.5014287714697903,0.9342864839043443,0.7293585095525371,0.0,0.12547522665374639,1.176763326104046,-0.6512349623471219,-0.437852564900843,1.0705779154279094,1.0705779154279094
0.5031608224938655,0.9342864839043443,0.7293585095525371,0.0,0.12547522665374639,1.176763326104046,-0.6512349623471219,-0.437852564900843,1.0705779154279094,1.0705779154279094
0.5048928735179409,-1.0694015388578093,-0.7425477165231992,0.0,0.12547522665374639,-0.42621637417649616,1.906822207030307,2.604616145485044,-0.8369916418016445,-0.8369916418016445
0.5066249245420161,-1.0694015388578093,-0.7425477165231992,0.0,0.12547522665374639,-0.42621637417649616,1.906822207030307,2.604616145485044,-0.8369916418016445,-0.8369916418016445
0.5083569755660914,-1.0694015388578093,-0.7425477165231992,0.0,0.12547522665374639,-0.42621637417649616,1.906822207030307,2.604616145485044,-0.8369916418016445,-0.8369916418016445
0.5100890265901666,0.9342864839043443,0.7293585095525371,0.0,0.12547522665374639,1.176763326104046,-0.6512349623471219,-0.437852564900843,1.0705779154279094,1.0705779154279094
0.5118210776142419,0.9342864839043443,0.7293585095525371,0.0,0.12547522665374639,1.176763326104046,-0.6512349623471219,-0.437852564900843,1.0705779154279094,1.0705779154279094
0.5135531286383171,-1.0694015388578093,-0.7425477165231992,0.0,-7.969700686491185,-0.6769996676664752,1.906822207030307,-0.437852564900843,-1.0189859105125914,-1.0189859105125914
0.5152851796623924,0.9342864839043443,0.7293585095525371,0.0,0.12547522665374639,1.176763326104046,-0.6512349623471219,-0.437852564900843,1.0705779154279094,1.0705779154279094
0.5170172306864678,-1.0694015388578093,-0.7425477165231992,0.0,0.12547522665374639,-0.6769996676664752,0.17997253097703012,-0.437852564900843,-0.9718022112171607,-0.9718022112171607
0.518749281710543,0.9342864839043443,0.7293585095525371,0.0,0.12547522665374639,1.176763326104046,-0.6512349623471219,-0.437852564900843,1.0705779154279094,1.0705779154279094
0.5204813327346183,-1.0694015388578093,-0.7425477165231992,0.0,0.12547522665374639,-0.6769996676664752,0.17997253097703012,-0.437852564900843,-0.9718022112171607,-0.9718022112171607
0.5222133837586935,-1.0694015388578093,-0.7425477165231992,0.0,0.12547522665374639,-0.6769996676664752,0.17997253097703012,-0.3627298806937841,-0.9246185119217301,-0.9246185119217301
0.5239454347827688,0.9342864839043443,0.7293585095525371,0.0,0.12547522665374639,1.176763326104046,-0.6512349623471219,-0.437852564900843,1.0705779154279094,1.0705779154279094
0.525677485806844,0.9342864839043443,0.7293585095525371,0.0,0.12547522665374639,1.176763326104046,-0.6512349623471219,-0.437852564900843,1.0705779154279094,1.0705779154279094
0.5274095368309193,-1.0694015388578093,-0.7425477165231992,0.0,0.12547522665374639,-0.42621637417649616,1.906822207030307,2.604616145485044,-0.8369916418016445,-0.8369916418016445
0.5291415878549945,-1.0694015388578093,-0.7425477165231992,0.0,0.12547522665374639,-0.42621637417649616,1.906822207030307,2.604616145485044,-0.8369916418016445,-0.8369916418016445
0.5308736388790699,0.9342864839043443,0.7293585095525371,0.0,0.12547522665374639,1.176763326104046,-0.6512349623471219,-0.437852564900843,1.0705779154279094,1.0705779154279094
0.5326056899031452,-1.0694015388578093,-0.7425477165231992,0.0,0.12547522665374639,-0.42621637417649616,1.906822207030307,2.604616145485044,-0.8369916418016445,-0.8369916418016445
0.5343377409272204,0.9342864839043443,0.7293585095525371,0.0,0.12547522665374639,1.176763326104046,-0.6512349623471219,-0.437852564900843,1.0705779154279094,1.0705779154279094
0.5360697919512957,0.9342864839043443,0.7293585095525371,0.0,0.12547522665374639,1.176763326104046,-0.6512349623471219,-0.437852564900843,1.0705779154279094,1.0705779154279094
0.5378018429753709,0.9342864839043443,0.7293585095525371,0.0,0.12547522665374639,1.176763326104046,-0.6512349623471219,-0.437852564900843,1.0705779154279094,1.0705779154279094
0.5395338939994462,0.9342864839043443,0.7293585095525371,0.0,0.12547522665374639,1.176763326104046,-0.6512349623471219,-0.437852564900843,1.0705779154279094,1.0705779154279094
0.5412659450235214,0.934023014078866,0.7293585095525371,0.0,0.12547522665374639,-1.4903508897961373,-0.6447914934066246,-0.437852564900843,-0.9718022112171607,-0.9718022112171607
0.5429979960475968,0.934023014078866,0.7293585095525371,0.0,0.12547522665374639,1.176763326104046,-0.6447914934066246,-0.437852564900843,-0.8774348126262994,-0.8774348126262994
0.544730047071672,-1.0694015388578093,-0.7425477165231992,0.0,0.12547522665374639,-0.6769996676664752,0.17997253097703012,-0.40029122279731355,-0.9223716690981381,-0.9223716690981381
0.5464620980957473,-1.0694015388578093,-0.7425477165231992,0.0,0.12547522665374639,-1.2022889986252152,0.34105925448946267,-0.437852564900843,-0.9718022112171607,-0.9718022112171607
0.5481941491198226,-1.0694015388578093,-0.7425477165231992,0.0,0.12547522665374639,-0.6769996676664752,-0.5803568040016515,-0.437852564900843,-0.9718022112171607,-0.9718022112171607
0.5499262001438978,-1.0694015388578093,-0.7425477165231992,0.0,0.12547522665374639,-0.6769996676664752,0.17997253097703012,-0.3627298806937841,-0.9246185119217301,-0.9246185119217301
0.5516582511679731,-1.0694015388578093,-0.7425477165231992,0.0,0.12547522665374639,-0.6769996676664752,0.17997253097703012,-0.40029122279731355,-0.9223716690981381,-0.9223716690981381
0.5533903021920483,-1.0694015388578093,-0.7425477165231992,0.0,0.12547522665374639,-0.6769996676664752,-0.5803568040016515,-0.437852564900843,-0.9718022112171607,-0.9718022112171607
0.5551223532161236,-1.0694015388578093,-0.7425477165231992,0.0,0.12547522665374639,-0.6769996676664752,0.34105925448946267,-0.3627298806937841,-0.9246185119217301,-0.9246185119217301
0.5568544042401989,0.9342864839043443,0.7293585095525371,0.0,0.12547522665374639,1.176763326104046,-0.6512349623471219,-0.437852564900843,1.0705779154279094,1.0705779154279094
0.5585864552642742,0.9342864839043443,0.7293585095525371,0.0,0.12547522665374639,1.176763326104046,-0.6512349623471219,-0.437852564900843,1.0705779154279094,1.0705779154279094
0.5603185062883494,-1.0694015388578093,-0.7425477165231992,0.0,0.12547522665374639,-0.42621637417649616,1.906822207030307,2.604616145485044,-0.8369916418016445,-0.8369916418016445
0.5620505573124247,-1.0694015388578093,-0.7425477165231992,0.0,0.12547522665374639,-0.42621637417649616,1.906822207030307,2.604616145485044,-0.8369916418016445,-0.8369916418016445
0.5637826083365,-1.0694015388578093,-0.7425477165231992,0.0,0.12547522665374639,-0.42621637417649616,1.906822207030307,2.604616145485044,-0.8369916418016445,-0.8369916418016445
0.5655146593605752,0.9342864839043443,0.7293585095525371,0.0,0.12547522665374639,1.176763326104046,-0.6512349623471219,-0.437852564900843,1.0705779154279094,1.0705779154279094
0.5672467103846505,0.9342864839043443,0.7293585095525371,0.0,0.12547522665374639,1.176763326104046,-0.6512349623471219,-0.437852564900843,1.0705779154279094,1.0705779154279094
0.5689787614087258,-1.0694015388578093,-0.7425477165231992,0.0,0.12547522665374639,-0.42621637417649616,1.906822207030307,2.604616145485044,-0.8369916418016445,-0.8369916418016445
0.5707108124328011,-1.0694015388578093,-0.7425477165231992,0.0,0.12547522665374639,-0.42621637417649616,1.906822207030307,2.604616145485044,-0.8369916418016445,-0.8369916418016445
0.5724428634568763,-1.0694015388578093,-0.7425477165231992,0.0,0.12547522665374639,-0.42621637417649616,1.906822207030307,2.604616145485044,-0.8369916418016445,-0.8369916418016445
0.5741749144809516,0.9379750614610399,0.7293585095525371,0.0,0.12547522665374639,-0.8600036926456492,-0.6512349623471219,-0.437852564900843,1.0705779154279094,1.0705779154279094
0.5759069655050268,0.9379750614610399,0.7293585095525371,0.0,0.12547522665374639,-0.8600036926456492,0.34105925448946267,-0.437852564900843,1.0705779154279094,1.0705779154279094
0.5776390165291021,0.936745535608808,0.7293585095525371,0.0,0.12547522665374639,-0.8600036926456492,-0.6512349623471219,-0.437852564900843,1.0705779154279094,1.0705779154279094
0.5793710675531774,0.938414177836837,0.7293585095525371,0.0,0.12547522665374639,-0.8600036926456492,-0.6512349623471219,-0.437852564900843,1.0705779154279094,1.0705779154279094
0.5811031185772526,0.9375359450852429,0.7293585095525371,0.0,0.12547522665374639,-0.8600036926456492,-0.6512349623471219,-0.437852564900843,1.0705779154279094,1.0705779154279094
0.582835169601328,0.9375359450852429,0.7293585095525371,0.0,0.12547522665374639,-0.8600036926456492,0.34105925448946267,-0.437852564900843,1.0705779154279094,1.0705779154279094
0.5845672206254032,0.9370090054342863,0.7293585095525371,0.0,0.12547522665374639,-0.8600036926456492,-0.6512349623471219,-0.437852564900843,1.0705779154279094,1.0705779154279094
0.5862992716494785,0.9370090054342863,0.7293585095525371,0.0,0.12547522665374639,-0.8600036926456492,0.34105925448946267,-0.437852564900843,1.0705779154279094,1.0705779154279094
0.5880313226735537,0.937799414910721,0.7293585095525371,0.0,0.12547522665374639,-0.8600036926456492,-0.6512349623471219,-0.437852564900843,1.0705779154279094,1.0705779154279094
0.589763373697629,0.9375359450852429,0.7293585095525371,0.0,0.12547522665374639,-0.8600036926456492,0.34105925448946267,-0.437852564900843,1.0705779154279094,1.0705779154279094
0.5914954247217042,0.9371846519846051,0.7293585095525371,0.0,0.12547522665374639,-0.8600036926456492,-0.6512349623471219,-0.437852564900843,1.0705779154279094,1.0705779154279094
0.5932274757457795,0.9371846519846051,0.7293585095525371,0.0,0.12547522665374639,-0.8600036926456492,0.34105925448946267,-0.437852564900843,1.0705779154279094,1.0705779154279094
0.5949595267698549,0.9342864839043443,0.7293585095525371,0.0,0.12547522665374639,1.176763326104046,-0.6190176176446354,-0.437852564900843,-0.9718022112171607,-0.9718022112171607
0.5966915777939301,-1.0694015388578093,-0.7425477165231992,0.0,0.12547522665374639,-0.6769996676664752,-0.6190176176446354,-0.437852564900843,-0.9718022112171607,-0.9718022112171607
0.5984236288180054,0.9370968287094458,0.7293585095525371,0.0,0.12547522665374639,-0.8600036926456492,-0.6512349623471219,-0.437852564900843,1.0705779154279094,1.0705779154279094
0.6001556798420806,-1.0694015388578093,-0.7425477165231992,0.0,0.12547522665374639,-1.2022889986252152,0.34105925448946267,-0.437852564900843,-0.9718022112171607,-0.9718022112171607
0.6018877308661559,0.9342864839043443,0.7293585095525371,0.0,0.12547522665374639,1.176763326104046,-0.6512349623471219,-0.437852564900843,1.0705779154279094,1.0705779154279094
0.6036197818902311,-1.0694015388578093,-0.7425477165231992,0.0,0.12547522665374639,-1.2022889986252152,-0.6190176176446354,-0.437852564900843,-0.9740490540407526,-0.9740490540407526
0.6053518329143064,-1.0694015388578093,-0.7425477165231992,0.0,0.12547522665374639,-1.2022889986252152,-0.6190176176446354,-0.437852564900843,-0.9740490540407526,-0.9740490540407526
0.6070838839383816,-1.0694015388578093,-0.7425477165231992,0.0,0.12547522665374639,-0.6769996676664752,-0.6190176176446354,-0.437852564900843,-0.9740490540407526,-0.9740490540407526
0.608815934962457,0.9342864839043443,0.7293585095525371,0.0,0.12547522665374639,1.176763326104046,-0.6512349623471219,-0.437852564900843,1.0705779154279094,1.0705779154279094
0.6105479859865323,-1.0694015388578093,-0.7425477165231992,0.0,0.12547522665374639,-0.6769996676664752,-0.6190176176446354,-0.437852564900843,-0.9740490540407526,-0.9740490540407526
0.6122800370106075,0.9342864839043443,0.7293585095525371,0.0,0.12547522665374639,1.176763326104046,-0.6512349623471219,-0.437852564900843,1.0705779154279094,1.0705779154279094
0.6140120880346828,-1.0694015388578093,-0.7425477165231992,0.0,-7.969700686491185,-0.42621637417649616,1.906822207030307,0.6514263561015116,-0.9538274686284252,-0.9538274686284252
0.615744139058758,-1.0694015388578093,-0.7425477165231992,0.0,0.12547522665374639,-0.42621637417649616,1.906822207030307,0.6514263561015116,-0.9538274686284252,-0.9538274686284252
0.6174761900828333,-1.0694015388578093,-0.7425477165231992,0.0,0.12547522665374639,-0.42621637417649616,1.906822207030307,0.31337427716974636,-0.9740490540407526,-0.9740490540407526
0.6192082411069085,0.9342864839043443,0.7293585095525371,0.0,0.12547522665374639,-1.4937398532216775,-0.6447914934066246,0.31337427716974636,-0.9740490540407526,-0.9740490540407526
0.6209402921309838,0.9342864839043443,0.7293585095525371,0.0,0.12547522665374639,1.176763326104046,-0.6447914934066246,-0.437852564900843,-0.8774348126262994,-0.8774348126262994
0.6226723431550591,0.9342864839043443,0.7293585095525371,0.0,0.12547522665374639,1.176763326104046,-0.5803568040016515,-0.437852564900843,-0.8774348126262994,-0.8774348126262994
0.6244043941791344,0.9342864839043443,0.7293585095525371,0.0,0.12547522665374639,1.176763326104046,-0.6512349623471219,-0.437852564900843,1.0705779154279094,1.0705779154279094
0.6261364452032097,-1.0694015388578093,-0.7425477165231992,0.0,0.12547522665374639,-0.9955622296672595,-0.5803568040016515,-0.437852564900843,-0.9740490540407526,-0.9740490540407526
0.6278684962272849,-1.0694015388578093,-0.7425477165231992,0.0,0.12547522665374639,-0.9955622296672595,-0.5803568040016515,-0.437852564900843,-0.9740490540407526,-0.9740490540407526
0.6296005472513602,-1.0694015388578093,-0.7425477165231992,0.0,0.12547522665374639,-0.9955622296672595,-0.5803568040016515,-0.437852564900843,-0.9740490540407526,-0.9740490540407526
0.6313325982754354,-1.0694015388578093,-0.7425477165231992,0.0,0.12547522665374639,-0.9955622296672595,-0.5803568040016515,-0.437852564900843,-0.9740490540407526,-0.9740490540407526
0.6330646492995107,-1.0694015388578093,-0.7425477165231992,0.0,0.12547522665374639,-0.9955622296672595,-0.5803568040016515,-0.437852564900843,-0.9740490540407526,-0.9740490540407526
0.634796700323586,-1.0694015388578093,-0.7425477165231992,0.0,0.12547522665374639,-0.9955622296672595,-0.5803568040016515,-0.437852564900843,-0.9740490540407526,-0.9740490540407526
0.6365287513476613,-1.0694015388578093,-0.7425477165231992,0.0,0.12547522665374639,-0.9955622296672595,-0.5803568040016515,-0.437852564900843,-0.9740490540407526,-0.9740490540407526
0.6382608023717365,-1.0694015388578093,-0.7425477165231992,0.0,0.12547522665374639,-0.9955622296672595,-0.5803568040016515,-0.437852564900843,-0.9740490540407526,-0.9740490540407526
0.6399928533958118,0.9342864839043443,0.7293585095525371,0.0,0.12547522665374639,1.176763326104046,-0.6512349623471219,-0.437852564900843,1.0705779154279094,1.0705779154279094
0.641724904419887,0.9342864839043443,0.7293585095525371,0.0,0.12547522665374639,1.176763326104046,-0.6512349623471219,-0.437852564900843,1.0705779154279094,1.0705779154279094
0.6434569554439623,-1.0694015388578093,-0.7425477165231992,0.0,0.12547522665374639,-1.2022889986252152,-0.5803568040016515,-0.437852564900843,-0.9740490540407526,-0.9740490540407526
0.6451890064680376,0.9342864839043443,0.7293585095525371,0.0,0.12547522665374639,1.176763326104046,-0.6512349623471219,-0.437852564900843,1.0705779154279094,1.0705779154279094
0.6469210574921128,0.9342864839043443,0.7293585095525371,0.0,0.12547522665374639,1.176763326104046,-0.6512349623471219,-0.437852564900843,1.0705779154279094,1.0705779154279094
0.6486531085161882,-1.0694015388578093,-0.7425477165231992,0.0,0.12547522665374639,-0.6769996676664752,0.34105925448946267,-0.437852564900843,-0.9740490540407526,-0.9740490540407526
0.6503851595402634,0.9342864839043443,0.7293585095525371,0.0,0.12547522665374639,1.176763326104046,-0.6512349623471219,-0.437852564900843,1.0705779154279094,1.0705779154279094
0.6521172105643387,0.9342864839043443,0.7293585095525371,0.0,0.12547522665374639,1.176763326104046,-0.6512349623471219,-0.437852564900843,1.0705779154279094,1.0705779154279094
0.6538492615884139,0.9342864839043443,0.7293585095525371,0.0,0.12547522665374639,1.176763326104046,-0.6512349623471219,-0.437852564900843,1.0705779154279094,1.0705779154279094
0.6555813126124892,0.9342864839043443,0.7293585095525371,0.0,0.12547522665374639,1.176763326104046,-0.6512349623471219,-0.437852564900843,1.0705779154279094,1.0705779154279094
0.6573133636365645,0.9342864839043443,0.7293585095525371,0.0,0.12547522665374639,1.176763326104046,-0.6512349623471219,-0.437852564900843,1.0705779154279094,1.0705779154279094
0.6590454146606397,0.9342864839043443,0.7293585095525371,0.0,0.12547522665374639,1.176763326104046,-0.6512349623471219,-0.437852564900843,1.0705779154279094,1.0705779154279094
0.6607774656847151,0.9342864839043443,0.7293585095525371,0.0,0.12547522665374639,1.176763326104046,-0.6512349623471219,-0.437852564900843,1.0705779154279094,1.0705779154279094
0.6625095167087903,0.9342864839043443,0.7293585095525371,0.0,0.12547522665374639,1.176763326104046,-0.6512349623471219,-0.437852564900843,1.0705779154279094,1.0705779154279094
0.6642415677328656,0.9342864839043443,0.7293585095525371,0.0,0.12547522665374639,1.176763326104046,-0.6512349623471219,-0.437852564900843,1.0705779154279094,1.0705779154279094
0.6659736187569408,0.9342864839043443,0.7293585095525371,0.0,0.12547522665374639,1.176763326104046,-0.6512349623471219,-0.437852564900843,1.0705779154279094,1.0705779154279094
0.6677056697810161,-1.0694015388578093,-0.7425477165231992,0.0,0.12547522665374639,-1.3615702796256073,1.906822207030307,0.08800622454856954,-0.9875301109823043,-0.9875301109823043
0.6694377208050913,-1.0694015388578093,-0.7425477165231992,0.0,0.12547522665374639,-1.3615702796256073,1.906822207030307,-0.13736182807260727,-0.9875301109823043,-0.9875301109823043
0.6711697718291666,-1.0694015388578093,-0.7425477165231992,0.0,0.12547522665374639,-1.3615702796256073,1.906822207030307,-0.13736182807260727,-0.9875301109823043,-0.9875301109823043
0.6729018228532418,-1.0694015388578093,-0.7425477165231992,0.0,0.12547522665374639,-1.3615702796256073,1.906822207030307,0.08800622454856954,-0.9875301109823043,-0.9875301109823043
0.6746338738773172,0.9342864839043443,0.7293585095525371,0.0,0.12547522665374639,1.176763326104046,-0.6512349623471219,-0.437852564900843,1.0705779154279094,1.0705779154279094
0.6763659249013925,0.9342864839043443,0.7293585095525371,0.0,0.12547522665374639,1.176763326104046,-0.6512349623471219,-0.437852564900843,1.0705779154279094,1.0705779154279094
0.6780979759254677,0.9342864839043443,0.7293585095525371,0.0,0.12547522665374639,1.176763326104046,-0.6512349623471219,-0.437852564900843,1.0705779154279094,1.0705779154279094
0.679830026949543,0.9342864839043443,0.7293585095525371,0.0,0.12547522665374639,1.176763326104046,-0.6512349623471219,-0.437852564900843,1.0705779154279094,1.0705779154279094
0.6815620779736182,-1.0694015388578093,-0.7425477165231992,0.0,0.12547522665374639,-0.6769996676664752,0.17997253097703012,-0.437852564900843,-0.9718022112171607,-0.9718022112171607
0.6832941289976935,-1.0694015388578093,-0.7425477165231992,0.0,0.12547522665374639,-0.6769996676664752,0.17997253097703012,-0.437852564900843,-0.9718022112171607,-0.9718022112171607
0.6850261800217687,-1.0694015388578093,-0.7425477165231992,0.0,0.12547522665374639,-0.6769996676664752,0.17997253097703012,-0.40029122279731355,-0.9246185119217301,-0.9246185119217301
0.6867582310458441,0.9342864839043443,0.7293585095525371,0.0,0.12547522665374639,1.176763326104046,-0.6512349623471219,-0.437852564900843,1.0705779154279094,1.0705779154279094
0.6884902820699194,-1.0694015388578093,-0.7425477165231992,0.0,0.12547522665374639,-0.42621637417649616,1.906822207030307,2.604616145485044,-0.8369916418016445,-0.8369916418016445
0.6902223330939946,-1.0694015388578093,-0.7425477165231992,0.0,0.12547522665374639,-0.42621637417649616,1.906822207030307,2.604616145485044,-0.8369916418016445,-0.8369916418016445
0.6919543841180699,0.9342864839043443,0.7293585095525371,0.0,0.12547522665374639,1.176763326104046,-0.6512349623471219,-0.437852564900843,1.0705779154279094,1.0705779154279094
0.6936864351421451,-1.0694015388578093,-0.7425477165231992,0.0,0.12547522665374639,-0.42621637417649616,1.906822207030307,2.604616145485044,-0.8369916418016445,-0.8369916418016445
0.6954184861662204,0.9342864839043443,0.7293585095525371,0.0,0.12547522665374639,1.176763326104046,-0.6512349623471219,-0.437852564900843,1.0705779154279094,1.0705779154279094
0.6971505371902956,0.9342864839043443,0.7293585095525371,0.0,0.12547522665374639,1.176763326104046,-0.6512349623471219,-0.437852564900843,1.0705779154279094,1.0705779154279094
0.6988825882143709,0.9342864839043443,0.7293585095525371,0.0,0.12547522665374639,1.176763326104046,-0.6512349623471219,-0.437852564900843,1.0705779154279094,1.0705779154279094
0.7006146392384462,0.9342864839043443,0.7293585095525371,0.0,0.12547522665374639,1.176763326104046,-0.6512349623471219,-0.437852564900843,1.0705779154279094,1.0705779154279094
0.7023466902625215,0.9342864839043443,0.7293585095525371,0.0,0.12547522665374639,1.176763326104046,-0.6512349623471219,-0.437852564900843,1.0705779154279094,1.0705779154279094
0.7040787412865968,0.9342864839043443,0.7293585095525371,0.0,0.12547522665374639,1.176763326104046,-0.6512349623471219,-0.437852564900843,1.0705779154279094,1.0705779154279094
0.705810792310672,-1.0694015388578093,-0.7425477165231992,0.0,0.12547522665374639,-0.42621637417649616,1.906822207030307,2.604616145485044,-0.8369916418016445,-0.8369916418016445
0.7075428433347473,-1.0694015388578093,-0.7425477165231992,0.0,0.12547522665374639,-0.42621637417649616,1.906822207030307,2.604616145485044,-0.8369916418016445,-0.8369916418016445
0.7092748943588225,-1.0694015388578093,-0.7425477165231992,0.0,0.12547522665374639,-0.42621637417649616,1.906822207030307,2.604616145485044,-0.8369916418016445,-0.8369916418016445
0.7110069453828978,0.934023014078866,0.7293585095525371,0.0,0.12547522665374639,-1.4903508897961373,-0.6447914934066246,-0.437852564900843,-0.9718022112171607,-0.9718022112171607
0.7127389964069731,0.934023014078866,0.7293585095525371,0.0,0.12547522665374639,1.176763326104046,-0.6447914934066246,-0.437852564900843,-0.8774348126262994,-0.8774348126262994
0.7144710474310484,-1.0694015388578093,-0.7425477165231992,0.0,0.12547522665374639,-0.6769996676664752,0.17997253097703012,-0.40029122279731355,-0.9223716690981381,-0.9223716690981381
0.7162030984551236,-1.0694015388578093,-0.7425477165231992,0.0,0.12547522665374639,-1.2022889986252152,0.34105925448946267,-0.437852564900843,-0.9718022112171607,-0.9718022112171607
0.7179351494791989,-1.0694015388578093,-0.7425477165231992,0.0,0.12547522665374639,-0.6769996676664752,-0.5803568040016515,-0.437852564900843,-0.9718022112171607,-0.9718022112171607
0.7196672005032742,-1.0694015388578093,-0.7425477165231992,0.0,0.12547522665374639,-0.6769996676664752,0.17997253097703012,-0.40029122279731355,-0.9246185119217301,-0.9246185119217301
0.7213992515273494,-1.0694015388578093,-0.7425477165231992,0.0,0.12547522665374639,-0.6769996676664752,0.17997253097703012,-0.40029122279731355,-0.9223716690981381,-0.9223716690981381
0.7231313025514247,-1.0694015388578093,-0.7425477165231992,0.0,0.12547522665374639,-0.6769996676664752,-0.5803568040016515,-0.437852564900843,-0.9718022112171607,-0.9718022112171607
0.7248633535754999,0.9342864839043443,0.7293585095525371,0.0,0.12547522665374639,1.176763326104046,-0.6512349623471219,-0.437852564900843,1.0705779154279094,1.0705779154279094
0.7265954045995753,0.9342864839043443,0.7293585095525371,0.0,0.12547522665374639,1.176763326104046,-0.6512349623471219,-0.437852564900843,1.0705779154279094,1.0705779154279094
0.7283274556236505,-1.0694015388578093,-0.7425477165231992,0.0,0.12547522665374639,-0.42621637417649616,1.906822207030307,2.604616145485044,-0.8369916418016445,-0.8369916418016445
0.7300595066477258,-1.0694015388578093,-0.7425477165231992,0.0,0.12547522665374639,-0.42621637417649616,1.906822207030307,2.604616145485044,-0.8369916418016445,-0.8369916418016445
0.731791557671801,-1.0694015388578093,-0.7425477165231992,0.0,0.12547522665374639,-0.42621637417649616,1.906822207030307,2.604616145485044,-0.8369916418016445,-0.8369916418016445
0.7335236086958763,0.938414177836837,0.7293585095525371,0.0,0.12547522665374639,-0.8600036926456492,-0.6512349623471219,-0.437852564900843,1.0705779154279094,1.0705779154279094
0.7352556597199515,0.938414177836837,0.7293585095525371,0.0,0.12547522665374639,-0.8600036926456492,0.34105925448946267,-0.437852564900843,1.0705779154279094,1.0705779154279094
0.7369877107440268,0.938414177836837,0.7293585095525371,0.0,0.12547522665374639,-0.8600036926456492,0.34105925448946267,-0.437852564900843,1.0705779154279094,1.0705779154279094
0.7387197617681022,0.9381507080113588,0.7293585095525371,0.0,0.12547522665374639,-0.8600036926456492,-0.6512349623471219,-0.437852564900843,1.0705779154279094,1.0705779154279094
0.7404518127921774,0.9370968287094458,0.7293585095525371,0.0,0.12547522665374639,-0.8600036926456492,-0.6512349623471219,-0.437852564900843,1.0705779154279094,1.0705779154279094
0.7421838638162527,0.938414177836837,0.7293585095525371,0.0,0.12547522665374639,-0.8600036926456492,0.34105925448946267,-0.437852564900843,1.0705779154279094,1.0705779154279094
0.7439159148403279,0.938414177836837,0.7293585095525371,0.0,0.12547522665374639,-0.8600036926456492,0.34105925448946267,-0.437852564900843,1.0705779154279094,1.0705779154279094
0.7456479658644032,0.9342864839043443,0.7293585095525371,0.0,0.12547522665374639,1.176763326104046,-0.6190176176446354,-0.437852564900843,-0.9718022112171607,-0.9718022112171607
0.7473800168884784,-1.0694015388578093,-0.7425477165231992,0.0,0.12547522665374639,-0.6769996676664752,-0.6190176176446354,-0.437852564900843,-0.9718022112171607,-0.9718022112171607
0.7491120679125537,0.9368333588839675,0.7293585095525371,0.0,0.12547522665374639,-0.8600036926456492,-0.6512349623471219,-0.437852564900843,1.0705779154279094,1.0705779154279094
0.750844118936629,-1.0694015388578093,-0.7425477165231992,0.0,0.12547522665374639,-1.2022889986252152,0.34105925448946267,-0.437852564900843,-0.9718022112171607,-0.9718022112171607
0.7525761699607043,0.9342864839043443,0.7293585095525371,0.0,0.12547522665374639,1.176763326104046,-0.6512349623471219,-0.437852564900843,1.0705779154279094,1.0705779154279094
0.7543082209847796,-1.0694015388578093,-0.7425477165231992,0.0,0.12547522665374639,-1.2022889986252152,-0.6190176176446354,-0.437852564900843,-0.9740490540407526,-0.9740490540407526
0.7560402720088548,-1.0694015388578093,-0.7425477165231992,0.0,0.12547522665374639,-1.2022889986252152,-0.6190176176446354,-0.437852564900843,-0.9740490540407526,-0.9740490540407526
0.7577723230329301,-1.0694015388578093,-0.7425477165231992,0.0,0.12547522665374639,-0.6769996676664752,-0.6190176176446354,-0.437852564900843,-0.9740490540407526,-0.9740490540407526
0.7595043740570053,0.9342864839043443,0.7293585095525371,0.0,0.12547522665374639,1.176763326104046,-0.6512349623471219,-0.437852564900843,1.0705779154279094,1.0705779154279094
0.7612364250810806,-1.0694015388578093,-0.7425477165231992,0.0,0.12547522665374639,-0.6769996676664752,-0.6190176176446354,-0.437852564900843,-0.9740490540407526,-0.9740490540407526
0.7629684761051558,-1.0694015388578093,-0.7425477165231992,0.0,-7.969700686491185,-0.42621637417649616,1.906822207030307,0.6514263561015116,-0.9538274686284252,-0.9538274686284252
0.7647005271292311,-1.0694015388578093,-0.7425477165231992,0.0,0.12547522665374639,-0.42621637417649616,1.906822207030307,0.6514263561015116,-0.9538274686284252,-0.9538274686284252
0.7664325781533065,-1.0694015388578093,-0.7425477165231992,0.0,0.12547522665374639,-0.42621637417649616,1.906822207030307,0.31337427716974636,-0.9740490540407526,-0.9740490540407526
0.7681646291773817,0.9342864839043443,0.7293585095525371,0.0,0.12547522665374639,1.176763326104046,-0.6512349623471219,-0.437852564900843,1.0705779154279094,1.0705779154279094
0.769896680201457,0.9342864839043443,0.7293585095525371,0.0,0.12547522665374639,-1.4937398532216775,-0.6447914934066246,0.31337427716974636,-0.9740490540407526,-0.9740490540407526
0.7716287312255322,0.9342864839043443,0.7293585095525371,0.0,0.12547522665374639,1.176763326104046,-0.6447914934066246,-0.437852564900843,-0.8774348126262994,-0.8774348126262994
0.7733607822496075,0.9342864839043443,0.7293585095525371,0.0,0.12547522665374639,1.176763326104046,-0.5803568040016515,-0.437852564900843,-0.8774348126262994,-0.8774348126262994
0.7750928332736827,0.9342864839043443,0.7293585095525371,0.0,0.12547522665374639,1.176763326104046,-0.6512349623471219,-0.437852564900843,1.0705779154279094,1.0705779154279094
0.776824884297758,-1.0694015388578093,-0.7425477165231992,0.0,0.12547522665374639,-0.9955622296672595,-0.5803568040016515,-0.437852564900843,-0.9740490540407526,-0.9740490540407526
0.7785569353218333,-1.0694015388578093,-0.7425477165231992,0.0,0.12547522665374639,-0.9955622296672595,-0.5803568040016515,-0.437852564900843,-0.9740490540407526,-0.9740490540407526
0.7802889863459086,-1.0694015388578093,-0.7425477165231992,0.0,0.12547522665374639,-0.9955622296672595,-0.5803568040016515,-0.437852564900843,-0.9740490540407526,-0.9740490540407526
0.7820210373699839,-1.0694015388578093,-0.7425477165231992,0.0,0.12547522665374639,-0.9955622296672595,-0.5803568040016515,-0.437852564900843,-0.9740490540407526,-0.9740490540407526
0.7837530883940591,-1.0694015388578093,-0.7425477165231992,0.0,0.12547522665374639,-0.9955622296672595,-0.5803568040016515,-0.437852564900843,-0.9740490540407526,-0.9740490540407526
0.7854851394181344,-1.0694015388578093,-0.7425477165231992,0.0,0.12547522665374639,-0.9955622296672595,-0.5803568040016515,-0.437852564900843,-0.9740490540407526,-0.9740490540407526
0.7872171904422096,-1.0694015388578093,-0.7425477165231992,0.0,0.12547522665374639,-0.9955622296672595,-0.5803568040016515,-0.437852564900843,-0.9740490540407526,-0.9740490540407526
0.7889492414662849,-1.0694015388578093,-0.7425477165231992,0.0,0.12547522665374639,-0.9955622296672595,-0.5803568040016515,-0.437852564900843,-0.9740490540407526,-0.9740490540407526
0.7906812924903601,0.9342864839043443,0.7293585095525371,0.0,0.12547522665374639,1.176763326104046,-0.6512349623471219,-0.437852564900843,1.0705779154279094,1.0705779154279094
0.7924133435144355,0.9342864839043443,0.7293585095525371,0.0,0.12547522665374639,1.176763326104046,-0.6512349623471219,-0.437852564900843,1.0705779154279094,1.0705779154279094
0.7941453945385107,-1.0694015388578093,-0.7425477165231992,0.0,0.12547522665374639,-1.2022889986252152,-0.5803568040016515,-0.437852564900843,-0.9740490540407526,-0.9740490540407526
0.795877445562586,0.9342864839043443,0.7293585095525371,0.0,0.12547522665374639,1.176763326104046,-0.6512349623471219,-0.437852564900843,1.0705779154279094,1.0705779154279094
0.7976094965866612,0.9342864839043443,0.7293585095525371,0.0,0.12547522665374639,1.176763326104046,-0.6512349623471219,-0.437852564900843,1.0705779154279094,1.0705779154279094
0.7993415476107365,-1.0694015388578093,-0.7425477165231992,0.0,0.12547522665374639,-0.6769996676664752,0.34105925448946267,-0.437852564900843,-0.9740490540407526,-0.9740490540407526
0.8010735986348118,0.9342864839043443,0.7293585095525371,0.0,0.12547522665374639,1.176763326104046,-0.6512349623471219,-0.437852564900843,1.0705779154279094,1.0705779154279094
0.802805649658887,0.9342864839043443,0.7293585095525371,0.0,0.12547522665374639,1.176763326104046,-0.6512349623471219,-0.437852564900843,1.0705779154279094,1.0705779154279094
0.8045377006829624,0.9342864839043443,0.7293585095525371,0.0,0.12547522665374639,1.176763326104046,-0.6512349623471219,-0.437852564900843,1.0705779154279094,1.0705779154279094
0.8062697517070376,0.9342864839043443,0.7293585095525371,0.0,0.12547522665374639,1.176763326104046,-0.6512349623471219,-0.437852564900843,1.0705779154279094,1.0705779154279094
0.8080018027311129,0.9342864839043443,0.7293585095525371,0.0,0.12547522665374639,1.176763326104046,-0.6512349623471219,-0.437852564900843,1.0705779154279094,1.0705779154279094
0.8097338537551881,0.9342864839043443,0.7293585095525371,0.0,0.12547522665374639,1.176763326104046,-0.6512349623471219,-0.437852564900843,1.0705779154279094,1.0705779154279094
0.8114659047792634,0.9342864839043443,0.7293585095525371,0.0,0.12547522665374639,1.176763326104046,-0.6512349623471219,-0.437852564900843,1.0705779154279094,1.0705779154279094
0.8131979558033386,0.9342864839043443,0.7293585095525371,0.0,0.12547522665374639,1.176763326104046,-0.6512349623471219,-0.40029122279731355,1.0705779154279094,1.0705779154279094
0.8149300068274139,0.9342864839043443,0.7293585095525371,0.0,0.12547522665374639,1.176763326104046,-0.6512349623471219,-0.437852564900843,1.0705779154279094,1.0705779154279094
0.8166620578514892,0.9342864839043443,0.7293585095525371,0.0,0.12547522665374639,1.176763326104046,-0.6512349623471219,-0.437852564900843,1.0705779154279094,1.0705779154279094
0.8183941088755645,0.9342864839043443,0.7293585095525371,0.0,0.12547522665374639,1.176763326104046,-0.6512349623471219,-0.437852564900843,1.0705779154279094,1.0705779154279094
0.8201261598996398,0.9342864839043443,0.7293585095525371,0.0,0.12547522665374639,1.176763326104046,-0.6512349623471219,-0.437852564900843,1.0705779154279094,1.0705779154279094
0.821858210923715,0.9342864839043443,0.7293585095525371,0.0,0.12547522665374639,1.176763326104046,-0.6512349623471219,-0.437852564900843,1.0705779154279094,1.0705779154279094
0.8235902619477903,0.9342864839043443,0.7293585095525371,0.0,0.12547522665374639,1.176763326104046,-0.6512349623471219,-0.437852564900843,1.0705779154279094,1.0705779154279094
0.8253223129718655,-1.0694015388578093,-0.7425477165231992,0.0,0.12547522665374639,-0.6769996676664752,0.17997253097703012,-0.437852564900843,-0.9718022112171607,-0.9718022112171607
0.8270543639959408,-1.0694015388578093,-0.7425477165231992,0.0,0.12547522665374639,-0.6769996676664752,0.17997253097703012,-0.437852564900843,-0.9718022112171607,-0.9718022112171607
0.828786415020016,-1.0694015388578093,-0.7425477165231992,0.0,0.12547522665374639,-0.6769996676664752,0.17997253097703012,-0.437852564900843,-0.9246185119217301,-0.9246185119217301
0.8305184660440914,0.956417949244518,-11.474714372791954,0.0,0.12547522665374639,-1.541185341179241,-0.6512349623471219,-0.28760719648672517,-1.0099985392182236,-1.0099985392182236
0.8322505170681667,-1.0694015388578093,-0.7425477165231992,0.0,0.12547522665374639,-0.42621637417649616,1.906822207030307,2.604616145485044,-0.8369916418016445,-0.8369916418016445
0.8339825680922419,-1.0694015388578093,-0.7425477165231992,0.0,0.12547522665374639,-0.42621637417649616,1.906822207030307,2.604616145485044,-0.8369916418016445,-0.8369916418016445
0.8357146191163172,0.9342864839043443,0.7293585095525371,0.0,0.12547522665374639,1.176763326104046,-0.6512349623471219,-0.437852564900843,1.0705779154279094,1.0705779154279094
0.8374466701403924,-1.0694015388578093,-0.7425477165231992,0.0,0.12547522665374639,-0.42621637417649616,1.906822207030307,2.604616145485044,-0.8369916418016445,-0.8369916418016445
0.8391787211644677,0.9342864839043443,0.7293585095525371,0.0,0.12547522665374639,1.176763326104046,-0.6512349623471219,-0.437852564900843,1.0705779154279094,1.0705779154279094
0.8409107721885429,0.9342864839043443,0.7293585095525371,0.0,0.12547522665374639,1.176763326104046,-0.6512349623471219,-0.437852564900843,1.0705779154279094,1.0705779154279094
0.8426428232126182,0.9342864839043443,0.7293585095525371,0.0,0.12547522665374639,1.176763326104046,-0.6512349623471219,-0.437852564900843,1.0705779154279094,1.0705779154279094
0.8443748742366936,0.9342864839043443,0.7293585095525371,0.0,0.12547522665374639,1.176763326104046,-0.6512349623471219,-0.437852564900843,1.0705779154279094,1.0705779154279094
0.8461069252607688,0.9342864839043443,0.7293585095525371,0.0,0.12547522665374639,1.176763326104046,-0.6512349623471219,-0.437852564900843,1.0705779154279094,1.0705779154279094
0.8478389762848441,0.9342864839043443,0.7293585095525371,0.0,0.12547522665374639,1.176763326104046,-0.6512349623471219,-0.437852564900843,1.0705779154279094,1.0705779154279094
0.8495710273089193,-1.0694015388578093,-0.7425477165231992,0.0,0.12547522665374639,-0.42621637417649616,1.906822207030307,2.604616145485044,-0.8369916418016445,-0.8369916418016445
0.8513030783329946,-1.0694015388578093,-0.7425477165231992,0.0,0.12547522665374639,-0.42621637417649616,1.906822207030307,2.604616145485044,-0.8369916418016445,-0.8369916418016445
0.8530351293570698,0.9342864839043443,0.7293585095525371,0.0,0.12547522665374639,1.176763326104046,-0.6512349623471219,-0.437852564900843,1.0705779154279094,1.0705779154279094
0.8547671803811451,-1.0694015388578093,-0.7425477165231992,0.0,0.12547522665374639,-0.42621637417649616,1.906822207030307,2.604616145485044,-0.8369916418016445,-0.8369916418016445
0.8564992314052204,0.9342864839043443,0.7293585095525371,0.0,0.12547522665374639,1.176763326104046,-0.6512349623471219,-0.437852564900843,1.0705779154279094,1.0705779154279094
0.8582312824292957,0.9342864839043443,0.7293585095525371,0.0,0.12547522665374639,1.176763326104046,-0.6512349623471219,-0.437852564900843,1.0705779154279094,1.0705779154279094
0.859963333453371,0.934023014078866,0.7293585095525371,0.0,0.12547522665374639,-1.4903508897961373,-0.6447914934066246,-0.437852564900843,-0.9718022112171607,-0.9718022112171607
0.8616953844774462,0.934023014078866,0.7293585095525371,0.0,0.12547522665374639,1.176763326104046,-0.6447914934066246,-0.437852564900843,-0.8774348126262994,-0.8774348126262994
0.8634274355015215,-1.0694015388578093,-0.7425477165231992,0.0,0.12547522665374639,-0.6769996676664752,0.17997253097703012,-0.40029122279731355,-0.9223716690981381,-0.9223716690981381
0.8651594865255967,-1.0694015388578093,-0.7425477165231992,0.0,0.12547522665374639,-1.2022889986252152,0.34105925448946267,-0.437852564900843,-0.9718022112171607,-0.9718022112171607
0.866891537549672,-1.0694015388578093,-0.7425477165231992,0.0,0.12547522665374639,-0.6769996676664752,-0.5803568040016515,-0.437852564900843,-0.9718022112171607,-0.9718022112171607
0.8686235885737472,-1.0694015388578093,-0.7425477165231992,0.0,0.12547522665374639,-0.6769996676664752,-0.5803568040016515,-0.437852564900843,-0.9718022112171607,-0.9718022112171607
0.8703556395978226,-1.0694015388578093,-0.7425477165231992,0.0,0.12547522665374639,-0.6769996676664752,0.17997253097703012,-0.40029122279731355,-0.9223716690981381,-0.9223716690981381
0.8720876906218978,0.9342864839043443,0.7293585095525371,0.0,0.12547522665374639,1.176763326104046,-0.6512349623471219,-0.437852564900843,1.0705779154279094,1.0705779154279094
0.8738197416459731,0.9342864839043443,0.7293585095525371,0.0,0.12547522665374639,1.176763326104046,-0.6512349623471219,-0.437852564900843,1.0705779154279094,1.0705779154279094
0.8755517926700483,-1.0694015388578093,-0.7425477165231992,0.0,0.12547522665374639,-0.42621637417649616,1.906822207030307,2.604616145485044,-0.8369916418016445,-0.8369916418016445
0.8772838436941236,-1.0694015388578093,-0.7425477165231992,0.0,0.12547522665374639,-0.42621637417649616,1.906822207030307,2.604616145485044,-0.8369916418016445,-0.8369916418016445
0.8790158947181989,-1.0694015388578093,-0.7425477165231992,0.0,0.12547522665374639,-0.42621637417649616,1.906822207030307,2.604616145485044,-0.8369916418016445,-0.8369916418016445
0.8807479457422741,0.9370968287094458,0.7293585095525371,0.0,0.12547522665374639,-0.8600036926456492,-0.6512349623471219,-0.437852564900843,1.0705779154279094,1.0705779154279094
0.8824799967663495,0.9370968287094458,0.7293585095525371,0.0,0.12547522665374639,-0.8600036926456492,0.34105925448946267,-0.437852564900843,1.0705779154279094,1.0705779154279094
0.8842120477904247,0.9368333588839675,0.7293585095525371,0.0,0.12547522665374639,-0.8600036926456492,-0.6512349623471219,-0.437852564900843,1.0705779154279094,1.0705779154279094
0.8859440988145,0.9370090054342863,0.7293585095525371,0.0,0.12547522665374639,-0.8600036926456492,-0.6512349623471219,-0.437852564900843,1.0705779154279094,1.0705779154279094
0.8876761498385752,0.9370090054342863,0.7293585095525371,0.0,0.12547522665374639,-0.8600036926456492,0.34105925448946267,-0.437852564900843,1.0705779154279094,1.0705779154279094
0.8894082008626505,0.9381507080113588,0.7293585095525371,0.0,0.12547522665374639,-0.8600036926456492,-0.6512349623471219,-0.437852564900843,1.0705779154279094,1.0705779154279094
0.8911402518867257,0.9342864839043443,0.7293585095525371,0.0,0.12547522665374639,1.176763326104046,-0.6190176176446354,-0.437852564900843,-0.9718022112171607,-0.9718022112171607
0.892872302910801,-1.0694015388578093,-0.7425477165231992,0.0,0.12547522665374639,-0.6769996676664752,-0.6190176176446354,-0.437852564900843,-0.9718022112171607,-0.9718022112171607
0.8946043539348763,0.9369211821591269,0.7293585095525371,0.0,0.12547522665374639,-0.8600036926456492,-0.6512349623471219,-0.437852564900843,1.0705779154279094,1.0705779154279094
0.8963364049589516,-1.0694015388578093,-0.7425477165231992,0.0,0.12547522665374639,-1.2022889986252152,0.34105925448946267,-0.437852564900843,-0.9718022112171607,-0.9718022112171607
0.8980684559830269,0.9342864839043443,0.7293585095525371,0.0,0.12547522665374639,1.176763326104046,-0.6512349623471219,-0.437852564900843,1.0705779154279094,1.0705779154279094
0.8998005070071021,-1.0694015388578093,-0.7425477165231992,0.0,0.12547522665374639,-1.2022889986252152,-0.6190176176446354,-0.437852564900843,-0.9740490540407526,-0.9740490540407526
0.9015325580311774,-1.0694015388578093,-0.7425477165231992,0.0,0.12547522665374639,-1.2022889986252152,-0.6190176176446354,-0.437852564900843,-0.9740490540407526,-0.9740490540407526
0.9032646090552526,-1.0694015388578093,-0.7425477165231992,0.0,0.12547522665374639,-0.42621637417649616,1.906822207030307,2.604616145485044,-0.8369916418016445,-0.8369916418016445
0.9049966600793279,-1.0694015388578093,-0.7425477165231992,0.0,0.12547522665374639,-0.42621637417649616,1.906822207030307,2.604616145485044,-0.8369916418016445,-0.8369916418016445
0.9067287111034031,-1.0694015388578093,-0.7425477165231992,0.0,0.12547522665374639,-0.6769996676664752,-0.6190176176446354,-0.437852564900843,-0.9740490540407526,-0.9740490540407526
0.9084607621274784,-1.0694015388578093,-0.7425477165231992,0.0,0.12547522665374639,-0.42621637417649616,1.906822207030307,2.604616145485044,-0.8369916418016445,-0.8369916418016445
0.9101928131515538,0.9342864839043443,0.7293585095525371,0.0,0.12547522665374639,1.176763326104046,-0.6512349623471219,-0.437852564900843,1.0705779154279094,1.0705779154279094
0.911924864175629,-1.0694015388578093,-0.7425477165231992,0.0,0.12547522665374639,-0.6769996676664752,-0.6190176176446354,-0.437852564900843,-0.9740490540407526,-0.9740490540407526
0.9136569151997043,0.9342864839043443,0.7293585095525371,0.0,0.12547522665374639,1.176763326104046,-0.6512349623471219,-0.437852564900843,1.0705779154279094,1.0705779154279094
0.9153889662237795,-1.0694015388578093,-0.7425477165231992,0.0,0.12547522665374639,-1.3615702796256073,1.906822207030307,0.08800622454856954,-0.9875301109823043,-0.9875301109823043
0.9171210172478548,0.9342864839043443,0.7293585095525371,0.0,0.12547522665374639,-1.4937398532216775,-0.6447914934066246,0.31337427716974636,-0.9740490540407526,-0.9740490540407526
0.91885306827193,0.9342864839043443,0.7293585095525371,0.0,0.12547522665374639,1.176763326104046,-0.6447914934066246,-0.437852564900843,-0.8774348126262994,-0.8774348126262994
0.9205851192960053,-1.0694015388578093,-0.7425477165231992,0.0,0.12547522665374639,-1.3615702796256073,1.906822207030307,-0.25004585438319565,-0.9875301109823043,-0.9875301109823043
0.9223171703200806,-1.0694015388578093,-0.7425477165231992,0.0,0.12547522665374639,-1.3615702796256073,1.906822207030307,-0.25004585438319565,-0.9875301109823043,-0.9875301109823043
0.9240492213441559,-1.0694015388578093,-0.7425477165231992,0.0,0.12547522665374639,-1.3615702796256073,1.906822207030307,0.08800622454856954,-0.9875301109823043,-0.9875301109823043
0.9257812723682312,-1.0694015388578093,-0.7425477165231992,0.0,-7.969700686491185,-0.42621637417649616,1.906822207030307,0.6514263561015116,-0.9538274686284252,-0.9538274686284252
0.9275133233923064,-1.0694015388578093,-0.7425477165231992,0.0,0.12547522665374639,-0.42621637417649616,1.906822207030307,0.6514263561015116,-0.9538274686284252,-0.9538274686284252
0.9292453744163817,-1.0694015388578093,-0.7425477165231992,0.0,0.12547522665374639,-0.42621637417649616,1.906822207030307,-0.13736182807260727,-1.0010111679238558,-1.0010111679238558
0.9309774254404569,-1.0694015388578093,-0.7425477165231992,0.0,-7.969700686491185,-0.42621637417649616,1.906822207030307,0.6514263561015116,-0.9538274686284252,-0.9538274686284252
0.9327094764645322,-1.0694015388578093,-0.7425477165231992,0.0,0.12547522665374639,-0.42621637417649616,1.906822207030307,0.6514263561015116,-0.9538274686284252,-0.9538274686284252
0.9344415274886074,-1.0694015388578093,-0.7425477165231992,0.0,0.12547522665374639,-0.42621637417649616,1.906822207030307,0.31337427716974636,-0.9740490540407526,-0.9740490540407526
0.9361735785126828,0.9342864839043443,0.7293585095525371,0.0,0.12547522665374639,1.176763326104046,-0.5803568040016515,-0.437852564900843,-0.8774348126262994,-0.8774348126262994
0.937905629536758,0.9342864839043443,0.7293585095525371,0.0,0.12547522665374639,1.176763326104046,-0.6512349623471219,-0.437852564900843,1.0705779154279094,1.0705779154279094
0.9396376805608333,-1.0694015388578093,-0.7425477165231992,0.0,0.12547522665374639,-0.9955622296672595,-0.5803568040016515,-0.437852564900843,-0.9740490540407526,-0.9740490540407526
0.9413697315849086,-1.0694015388578093,-0.7425477165231992,0.0,0.12547522665374639,-0.9955622296672595,-0.5803568040016515,-0.437852564900843,-0.9740490540407526,-0.9740490540407526
0.9431017826089838,-1.0694015388578093,-0.7425477165231992,0.0,0.12547522665374639,-0.9955622296672595,-0.5803568040016515,-0.437852564900843,-0.9740490540407526,-0.9740490540407526
0.9448338336330591,-1.0694015388578093,-0.7425477165231992,0.0,0.12547522665374639,-0.9955622296672595,-0.5803568040016515,-0.437852564900843,-0.9740490540407526,-0.9740490540407526
0.9465658846571343,-1.0694015388578093,-0.7425477165231992,0.0,0.12547522665374639,-0.9955622296672595,-0.5803568040016515,-0.437852564900843,-0.9740490540407526,-0.9740490540407526
0.9482979356812097,-1.0694015388578093,-0.7425477165231992,0.0,0.12547522665374639,-0.9955622296672595,-0.5803568040016515,-0.437852564900843,-0.9740490540407526,-0.9740490540407526
0.9500299867052849,-1.0694015388578093,-0.7425477165231992,0.0,0.12547522665374639,-0.9955622296672595,-0.5803568040016515,-0.437852564900843,-0.9740490540407526,-0.9740490540407526
0.9517620377293602,-1.0694015388578093,-0.7425477165231992,0.0,0.12547522665374639,-0.9955622296672595,-0.5803568040016515,-0.437852564900843,-0.9740490540407526,-0.9740490540407526
0.9534940887534354,0.9342864839043443,0.7293585095525371,0.0,0.12547522665374639,1.176763326104046,-0.6512349623471219,-0.437852564900843,1.0705779154279094,1.0705779154279094
0.9552261397775107,0.9342864839043443,0.7293585095525371,0.0,0.12547522665374639,1.176763326104046,-0.6512349623471219,-0.437852564900843,1.0705779154279094,1.0705779154279094
0.956958190801586,-1.0694015388578093,-0.7425477165231992,0.0,0.12547522665374639,-1.2022889986252152,-0.5803568040016515,-0.437852564900843,-0.9740490540407526,-0.9740490540407526
0.9586902418256612,0.9342864839043443,0.7293585095525371,0.0,0.12547522665374639,1.176763326104046,-0.6512349623471219,-0.437852564900843,1.0705779154279094,1.0705779154279094
0.9604222928497365,-1.0694015388578093,-0.7425477165231992,0.0,0.12547522665374639,-0.6769996676664752,0.34105925448946267,-0.437852564900843,-0.9740490540407526,-0.9740490540407526
0.9621543438738118,0.9342864839043443,0.7293585095525371,0.0,0.12547522665374639,1.176763326104046,-0.6512349623471219,-0.437852564900843,1.0705779154279094,1.0705779154279094
0.9638863948978871,0.9342864839043443,0.7293585095525371,0.0,0.12547522665374639,1.176763326104046,-0.6512349623471219,-0.437852564900843,1.0705779154279094,1.0705779154279094
0.9656184459219623,0.9342864839043443,0.7293585095525371,0.0,0.12547522665374639,1.176763326104046,-0.6512349623471219,-0.437852564900843,1.0705779154279094,1.0705779154279094
0.9673504969460376,0.9342864839043443,0.7293585095525371,0.0,0.12547522665374639,1.176763326104046,-0.6512349623471219,-0.437852564900843,1.0705779154279094,1.0705779154279094
0.9690825479701128,0.9342864839043443,0.7293585095525371,0.0,0.12547522665374639,1.176763326104046,-0.6512349623471219,-0.437852564900843,1.0705779154279094,1.0705779154279094
0.9708145989941881,0.9342864839043443,0.7293585095525371,0.0,0.12547522665374639,1.176763326104046,-0.6512349623471219,-0.437852564900843,1.0705779154279094,1.0705779154279094
0.9725466500182633,0.9342864839043443,0.7293585095525371,0.0,0.12547522665374639,1.176763326104046,-0.6512349623471219,-0.437852564900843,1.0705779154279094,1.0705779154279094
0.9742787010423387,0.9342864839043443,0.7293585095525371,0.0,0.12547522665374639,1.176763326104046,-0.6512349623471219,-0.437852564900843,1.0705779154279094,1.0705779154279094
0.976010752066414,0.9342864839043443,0.7293585095525371,0.0,0.12547522665374639,1.176763326104046,-0.6512349623471219,-0.437852564900843,1.0705779154279094,1.0705779154279094
0.9777428030904892,0.9342864839043443,0.7293585095525371,0.0,0.12547522665374639,1.176763326104046,-0.6512349623471219,-0.437852564900843,1.0705779154279094,1.0705779154279094
0.9794748541145645,0.9342864839043443,0.7293585095525371,0.0,0.12547522665374639,1.176763326104046,-0.6512349623471219,-0.437852564900843,1.0705779154279094,1.0705779154279094
0.9812069051386397,0.9342864839043443,0.7293585095525371,0.0,0.12547522665374639,1.176763326104046,-0.6512349623471219,-0.437852564900843,1.0705779154279094,1.0705779154279094
0.982938956162715,0.9342864839043443,0.7293585095525371,0.0,0.12547522665374639,1.176763326104046,-0.6512349623471219,-0.437852564900843,1.0705779154279094,1.0705779154279094
0.9846710071867902,-1.0694015388578093,-0.7425477165231992,0.0,0.12547522665374639,-0.42621637417649616,1.906822207030307,2.604616145485044,-0.8369916418016445,-0.8369916418016445
0.9864030582108655,-1.0694015388578093,-0.7425477165231992,0.0,0.12547522665374639,-0.42621637417649616,1.906822207030307,2.604616145485044,-0.8369916418016445,-0.8369916418016445
0.9881351092349409,-1.0694015388578093,-0.7425477165231992,0.0,0.12547522665374639,-0.42621637417649616,1.906822207030307,2.604616145485044,-0.8369916418016445,-0.8369916418016445
0.9898671602590161,0.9342864839043443,0.7293585095525371,0.0,0.12547522665374639,1.176763326104046,-0.6512349623471219,-0.437852564900843,1.0705779154279094,1.0705779154279094
0.9915992112830914,0.9342864839043443,0.7293585095525371,0.0,0.12547522665374639,1.176763326104046,-0.6512349623471219,-0.437852564900843,1.0705779154279094,1.0705779154279094
0.9933312623071666,-1.0694015388578093,-0.7425477165231992,0.0,0.12547522665374639,-0.6769996676664752,0.17997253097703012,-0.437852564900843,-0.9718022112171607,-0.9718022112171607
0.9950633133312419,-1.0694015388578093,-0.7425477165231992,0.0,0.12547522665374639,-0.6769996676664752,0.17997253097703012,-0.437852564900843,-0.9718022112171607,-0.9718022112171607
0.9967953643553171,-1.0694015388578093,-0.7425477165231992,0.0,0.12547522665374639,-0.6769996676664752,0.17997253097703012,-0.40029122279731355,-0.9246185119217301,-0.9246185119217301
0.9985274153793924,0.9342864839043443,0.7293585095525371,0.0,0.12547522665374639,1.176763326104046,-0.6512349623471219,-0.437852564900843,1.0705779154279094,1.0705779154279094
1.0002594664034676,0.9342864839043443,0.7293585095525371,0.0,0.12547522665374639,1.176763326104046,-0.6512349623471219,-0.437852564900843,1.0705779154279094,1.0705779154279094
1.0019915174275429,0.9342864839043443,0.7293585095525371,0.0,0.12547522665374639,1.176763326104046,-0.6512349623471219,-0.437852564900843,1.0705779154279094,1.0705779154279094
1.0037235684516181,0.9342864839043443,0.7293585095525371,0.0,0.12547522665374639,1.176763326104046,-0.6512349623471219,-0.437852564900843,1.0705779154279094,1.0705779154279094
1.0054556194756934,0.9342864839043443,0.7293585095525371,0.0,0.12547522665374639,1.176763326104046,-0.6512349623471219,-0.437852564900843,1.0705779154279094,1.0705779154279094
1.0071876704997689,-1.0694015388578093,-0.7425477165231992,0.0,0.12547522665374639,-0.42621637417649616,1.906822207030307,2.604616145485044,-0.8369916418016445,-0.8369916418016445
1.0089197215238441,-1.0694015388578093,-0.7425477165231992,0.0,0.12547522665374639,-0.42621637417649616,1.906822207030307,2.604616145485044,-0.8369916418016445,-0.8369916418016445
1.0106517725479194,-1.0694015388578093,-0.7425477165231992,0.0,0.12547522665374639,-0.42621637417649616,1.906822207030307,2.604616145485044,-0.8369916418016445,-0.8369916418016445
1.0123838235719946,0.9342864839043443,0.7293585095525371,0.0,0.12547522665374639,1.176763326104046,-0.6512349623471219,-0.437852564900843,1.0705779154279094,1.0705779154279094
1.0141158745960699,0.9342864839043443,0.7293585095525371,0.0,0.12547522665374639,1.176763326104046,-0.6512349623471219,-0.437852564900843,1.0705779154279094,1.0705779154279094
1.0158479256201451,0.9342864839043443,0.7293585095525371,0.0,0.12547522665374639,1.176763326104046,-0.6512349623471219,-0.437852564900843,1.0705779154279094,1.0705779154279094
1.0175799766442204,0.934023014078866,0.7293585095525371,0.0,0.12547522665374639,-1.4903508897961373,-0.6447914934066246,-0.437852564900843,-0.9718022112171607,-0.9718022112171607
1.0193120276682957,0.934023014078866,0.7293585095525371,0.0,0.12547522665374639,1.176763326104046,-0.6447914934066246,-0.437852564900843,-0.8774348126262994,-0.8774348126262994
1.021044078692371,0.9342864839043443,0.7293585095525371,0.0,0.12547522665374639,1.176763326104046,-0.6512349623471219,-0.437852564900843,1.0705779154279094,1.0705779154279094
1.0227761297164462,-1.0694015388578093,-0.7425477165231992,0.0,0.12547522665374639,-0.6769996676664752,0.17997253097703012,-0.40029122279731355,-0.9223716690981381,-0.9223716690981381
1.0245081807405214,-1.0694015388578093,-0.7425477165231992,0.0,0.12547522665374639,-1.2022889986252152,0.34105925448946267,-0.437852564900843,-0.9718022112171607,-0.9718022112171607
1.0262402317645967,-1.0694015388578093,-0.7425477165231992,0.0,0.12547522665374639,-0.6769996676664752,-0.5803568040016515,-0.437852564900843,-0.9718022112171607,-0.9718022112171607
1.027972282788672,-1.0694015388578093,-0.7425477165231992,0.0,0.12547522665374639,-0.6769996676664752,0.17997253097703012,-0.40029122279731355,-0.9246185119217301,-0.9246185119217301
1.0297043338127472,-1.0694015388578093,-0.7425477165231992,0.0,0.12547522665374639,-0.6769996676664752,0.17997253097703012,-0.40029122279731355,-0.9223716690981381,-0.9223716690981381
1.0314363848368224,-1.0694015388578093,-0.7425477165231992,0.0,0.12547522665374639,-0.6769996676664752,-0.5803568040016515,-0.437852564900843,-0.9718022112171607,-0.9718022112171607
1.033168435860898,0.9342864839043443,0.7293585095525371,0.0,0.12547522665374639,1.176763326104046,-0.6512349623471219,-0.437852564900843,1.0705779154279094,1.0705779154279094
1.0349004868849732,0.9342864839043443,0.7293585095525371,0.0,0.12547522665374639,1.176763326104046,-0.6512349623471219,-0.437852564900843,1.0705779154279094,1.0705779154279094
1.0366325379090484,-1.0694015388578093,-0.7425477165231992,0.0,0.12547522665374639,-0.42621637417649616,1.906822207030307,2.604616145485044,-0.8369916418016445,-0.8369916418016445
1.0383645889331237,-1.0694015388578093,-0.7425477165231992,0.0,0.12547522665374639,-0.42621637417649616,1.906822207030307,2.604616145485044,-0.8369916418016445,-0.8369916418016445
1.040096639957199,0.9342864839043443,0.7293585095525371,0.0,0.12547522665374639,1.176763326104046,-0.6512349623471219,-0.437852564900843,1.0705779154279094,1.0705779154279094
1.0418286909812742,-1.0694015388578093,-0.7425477165231992,0.0,0.12547522665374639,-0.42621637417649616,1.906822207030307,2.604616145485044,-0.8369916418016445,-0.8369916418016445
1.0435607420053494,0.9379750614610399,0.7293585095525371,0.0,0.12547522665374639,-0.8600036926456492,-0.6512349623471219,-0.437852564900843,1.0705779154279094,1.0705779154279094
1.0452927930294247,0.9379750614610399,0.7293585095525371,0.0,0.12547522665374639,-0.8600036926456492,0.34105925448946267,-0.437852564900843,1.0705779154279094,1.0705779154279094
1.0470248440535,0.9379750614610399,0.7293585095525371,0.0,0.12547522665374639,-0.8600036926456492,0.34105925448946267,-0.437852564900843,1.0705779154279094,1.0705779154279094
1.0487568950775752,0.9369211821591269,0.7293585095525371,0.0,0.12547522665374639,-0.8600036926456492,-0.6512349623471219,-0.437852564900843,1.0705779154279094,1.0705779154279094
1.0504889461016504,0.9369211821591269,0.7293585095525371,0.0,0.12547522665374639,-0.8600036926456492,0.34105925448946267,-0.437852564900843,1.0705779154279094,1.0705779154279094
1.0522209971257257,-1.0694015388578093,-0.7425477165231992,0.0,0.12547522665374639,-0.42621637417649616,1.906822207030307,2.604616145485044,-0.8369916418016445,-0.8369916418016445
1.053953048149801,-1.0694015388578093,-0.7425477165231992,0.0,0.12547522665374639,-0.42621637417649616,1.906822207030307,2.604616145485044,-0.8369916418016445,-0.8369916418016445
1.0556850991738762,0.9389411174877935,0.7293585095525371,0.0,0.12547522665374639,-0.8600036926456492,-0.6512349623471219,-0.437852564900843,1.0705779154279094,1.0705779154279094
1.0574171501979515,0.9389411174877935,0.7293585095525371,0.0,0.12547522665374639,-0.8600036926456492,0.34105925448946267,-0.437852564900843,1.0705779154279094,1.0705779154279094
1.059149201222027,0.9379750614610399,0.7293585095525371,0.0,0.12547522665374639,-0.8600036926456492,0.34105925448946267,-0.437852564900843,1.0705779154279094,1.0705779154279094
1.0608812522461022,-1.0694015388578093,-0.7425477165231992,0.0,0.12547522665374639,-0.42621637417649616,1.906822207030307,2.604616145485044,-0.8369916418016445,-0.8369916418016445
1.0626133032701774,0.9376237683604023,0.7293585095525371,0.0,0.12547522665374639,-0.8600036926456492,-0.6512349623471219,-0.437852564900843,1.0705779154279094,1.0705779154279094
1.0643453542942527,0.9385898243871559,0.7293585095525371,0.0,0.12547522665374639,-0.8600036926456492,-0.6512349623471219,-0.437852564900843,1.0705779154279094,1.0705779154279094
1.066077405318328,0.9370090054342863,0.7293585095525371,0.0,0.12547522665374639,-0.8600036926456492,-0.6512349623471219,-0.437852564900843,1.0705779154279094,1.0705779154279094
1.0678094563424032,0.9370090054342863,0.7293585095525371,0.0,0.12547522665374639,-0.8600036926456492,0.34105925448946267,-0.437852564900843,1.0705779154279094,1.0705779154279094
1.0695415073664785,0.9370090054342863,0.7293585095525371,0.0,0.12547522665374639,-0.8600036926456492,0.34105925448946267,-0.437852564900843,1.0705779154279094,1.0705779154279094
1.0712735583905537,0.9370090054342863,0.7293585095525371,0.0,0.12547522665374639,-0.8600036926456492,0.34105925448946267,-0.437852564900843,1.0705779154279094,1.0705779154279094
1.073005609414629,0.9370090054342863,0.7293585095525371,0.0,0.12547522665374639,-0.8600036926456492,0.34105925448946267,-0.437852564900843,1.0705779154279094,1.0705779154279094
1.0747376604387042,0.9379750614610399,0.7293585095525371,0.0,0.12547522665374639,-0.8600036926456492,0.34105925448946267,-0.437852564900843,1.0705779154279094,1.0705779154279094
1.0764697114627795,0.9379750614610399,0.7293585095525371,0.0,0.12547522665374639,-0.8600036926456492,0.34105925448946267,-0.437852564900843,1.0705779154279094,1.0705779154279094
1.0782017624868547,0.9342864839043443,0.7293585095525371,0.0,0.12547522665374639,1.176763326104046,-0.6190176176446354,-0.437852564900843,-0.9718022112171607,-0.9718022112171607
1.07993381351093,-1.0694015388578093,-0.7425477165231992,0.0,0.12547522665374639,-0.6769996676664752,-0.6190176176446354,-0.437852564900843,-0.9718022112171607,-0.9718022112171607
1.0816658645350052,0.9387654709374746,0.7293585095525371,0.0,0.12547522665374639,-0.8600036926456492,-0.6512349623471219,-0.437852564900843,1.0705779154279094,1.0705779154279094
1.0833979155590805,-1.0694015388578093,-0.7425477165231992,0.0,0.12547522665374639,-1.2022889986252152,0.34105925448946267,-0.437852564900843,-0.9718022112171607,-0.9718022112171607
1.085129966583156,0.9342864839043443,0.7293585095525371,0.0,0.12547522665374639,1.176763326104046,-0.6512349623471219,-0.437852564900843,1.0705779154279094,1.0705779154279094
1.0868620176072312,-1.0694015388578093,-0.7425477165231992,0.0,0.12547522665374639,-1.2022889986252152,-0.6190176176446354,-0.437852564900843,-0.9740490540407526,-0.9740490540407526
1.0885940686313065,-1.0694015388578093,-0.7425477165231992,0.0,0.12547522665374639,-1.2022889986252152,-0.6190176176446354,-0.437852564900843,-0.9740490540407526,-0.9740490540407526
1.0903261196553817,-1.0694015388578093,-0.7425477165231992,0.0,0.12547522665374639,-0.6769996676664752,-0.6190176176446354,-0.437852564900843,-0.9740490540407526,-0.9740490540407526
1.092058170679457,0.9342864839043443,0.7293585095525371,0.0,0.12547522665374639,1.176763326104046,-0.6512349623471219,-0.437852564900843,1.0705779154279094,1.0705779154279094
1.0937902217035322,-1.0694015388578093,-0.7425477165231992,0.0,0.12547522665374639,-0.6769996676664752,-0.6190176176446354,-0.437852564900843,-0.9740490540407526,-0.9740490540407526
1.0955222727276075,0.9342864839043443,0.7293585095525371,0.0,0.12547522665374639,1.176763326104046,-0.6512349623471219,-0.437852564900843,1.0705779154279094,1.0705779154279094
1.0972543237516827,-1.0694015388578093,-0.7425477165231992,0.0,-7.969700686491185,-0.42621637417649616,1.906822207030307,0.6514263561015116,-0.9538274686284252,-0.9538274686284252
1.098986374775758,0.9342864839043443,0.7293585095525371,0.0,0.12547522665374639,-1.4937398532216775,-0.6447914934066246,0.31337427716974636,-0.9740490540407526,-0.9740490540407526
1.1007184257998333,-1.0694015388578093,-0.7425477165231992,0.0,0.12547522665374639,-0.42621637417649616,1.906822207030307,0.6514263561015116,-0.9538274686284252,-0.9538274686284252
1.1024504768239085,-1.0694015388578093,-0.7425477165231992,0.0,0.12547522665374639,-0.42621637417649616,1.906822207030307,-0.13736182807260727,-1.0010111679238558,-1.0010111679238558
1.1041825278479838,0.9342864839043443,0.7293585095525371,0.0,0.12547522665374639,1.176763326104046,-0.6447914934066246,-0.437852564900843,-0.8774348126262994,-0.8774348126262994
1.105914578872059,-1.0694015388578093,-0.7425477165231992,0.0,-7.969700686491185,-0.42621637417649616,1.906822207030307,0.6514263561015116,-0.9538274686284252,-0.9538274686284252
1.1076466298961343,-1.0694015388578093,-0.7425477165231992,0.0,0.12547522665374639,-0.42621637417649616,1.906822207030307,0.6514263561015116,-0.9538274686284252,-0.9538274686284252
1.1093786809202095,-1.0694015388578093,-0.7425477165231992,0.0,0.12547522665374639,-0.42621637417649616,1.906822207030307,0.31337427716974636,-0.9740490540407526,-0.9740490540407526
1.1111107319442848,0.9342864839043443,0.7293585095525371,0.0,0.12547522665374639,1.176763326104046,-0.5803568040016515,-0.437852564900843,-0.8774348126262994,-0.8774348126262994
1.1128427829683603,0.9342864839043443,0.7293585095525371,0.0,0.12547522665374639,1.176763326104046,-0.6512349623471219,-0.437852564900843,1.0705779154279094,1.0705779154279094
1.1145748339924355,-1.0694015388578093,-0.7425477165231992,0.0,0.12547522665374639,-0.9955622296672595,-0.5803568040016515,-0.437852564900843,-0.9740490540407526,-0.9740490540407526
1.1163068850165108,-1.0694015388578093,-0.7425477165231992,0.0,0.12547522665374639,-0.9955622296672595,-0.5803568040016515,-0.437852564900843,-0.9740490540407526,-0.9740490540407526
1.118038936040586,-1.0694015388578093,-0.7425477165231992,0.0,0.12547522665374639,-0.9955622296672595,-0.5803568040016515,-0.437852564900843,-0.9740490540407526,-0.9740490540407526
1.1197709870646613,-1.0694015388578093,-0.7425477165231992,0.0,0.12547522665374639,-0.9955622296672595,-0.5803568040016515,-0.437852564900843,-0.9740490540407526,-0.9740490540407526
1.1215030380887365,-1.0694015388578093,-0.7425477165231992,0.0,0.12547522665374639,-0.9955622296672595,-0.5803568040016515,-0.437852564900843,-0.9740490540407526,-0.9740490540407526
1.1232350891128118,-1.0694015388578093,-0.7425477165231992,0.0,0.12547522665374639,-0.9955622296672595,-0.5803568040016515,-0.437852564900843,-0.9740490540407526,-0.9740490540407526
1.124967140136887,-1.0694015388578093,-0.7425477165231992,0.0,0.12547522665374639,-0.9955622296672595,-0.5803568040016515,-0.437852564900843,-0.9740490540407526,-0.9740490540407526
1.1266991911609623,-1.0694015388578093,-0.7425477165231992,0.0,0.12547522665374639,-0.9955622296672595,-0.5803568040016515,-0.437852564900843,-0.9740490540407526,-0.9740490540407526
1.1284312421850375,0.9342864839043443,0.7293585095525371,0.0,0.12547522665374639,1.176763326104046,-0.6512349623471219,-0.437852564900843,1.0705779154279094,1.0705779154279094
1.1301632932091128,0.9342864839043443,0.7293585095525371,0.0,0.12547522665374639,1.176763326104046,-0.6512349623471219,-0.437852564900843,1.0705779154279094,1.0705779154279094
1.131895344233188,-1.0694015388578093,-0.7425477165231992,0.0,0.12547522665374639,-1.2022889986252152,-0.5803568040016515,-0.437852564900843,-0.9740490540407526,-0.9740490540407526
1.1336273952572633,0.9342864839043443,0.7293585095525371,0.0,0.12547522665374639,1.176763326104046,-0.6512349623471219,-0.437852564900843,1.0705779154279094,1.0705779154279094
1.1353594462813386,0.9342864839043443,0.7293585095525371,0.0,0.12547522665374639,1.176763326104046,-0.6512349623471219,-0.437852564900843,1.0705779154279094,1.0705779154279094
1.1370914973054138,-1.0694015388578093,-0.7425477165231992,0.0,0.12547522665374639,-0.6769996676664752,0.34105925448946267,-0.437852564900843,-0.9740490540407526,-0.9740490540407526
1.1388235483294893,0.9342864839043443,0.7293585095525371,0.0,0.12547522665374639,1.176763326104046,-0.6512349623471219,-0.437852564900843,1.0705779154279094,1.0705779154279094
1.1405555993535645,0.9342864839043443,0.7293585095525371,0.0,0.12547522665374639,1.176763326104046,-0.6512349623471219,-0.437852564900843,1.0705779154279094,1.0705779154279094
1.1422876503776398,0.9342864839043443,0.7293585095525371,0.0,0.12547522665374639,1.176763326104046,-0.6512349623471219,-0.437852564900843,1.0705779154279094,1.0705779154279094
1.144019701401715,0.9342864839043443,0.7293585095525371,0.0,0.12547522665374639,1.176763326104046,-0.6512349623471219,-0.437852564900843,1.0705779154279094,1.0705779154279094
1.1457517524257903,0.9342864839043443,0.7293585095525371,0.0,0.12547522665374639,1.176763326104046,-0.6512349623471219,-0.437852564900843,1.0705779154279094,1.0705779154279094
1.1474838034498656,0.9342864839043443,0.7293585095525371,0.0,0.12547522665374639,1.176763326104046,-0.6512349623471219,-0.437852564900843,1.0705779154279094,1.0705779154279094
1.1492158544739408,0.9342864839043443,0.7293585095525371,0.0,0.12547522665374639,1.176763326104046,-0.6512349623471219,-0.437852564900843,1.0705779154279094,1.0705779154279094
1.150947905498016,0.9342864839043443,0.7293585095525371,0.0,0.12547522665374639,1.176763326104046,-0.6512349623471219,-0.437852564900843,1.0705779154279094,1.0705779154279094
1.1526799565220913,0.9342864839043443,0.7293585095525371,0.0,0.12547522665374639,1.176763326104046,-0.6512349623471219,-0.437852564900843,1.0705779154279094,1.0705779154279094
1.1544120075461666,0.9342864839043443,0.7293585095525371,0.0,0.12547522665374639,1.176763326104046,-0.6512349623471219,-0.437852564900843,1.0705779154279094,1.0705779154279094
1.1561440585702418,-1.0694015388578093,-0.7425477165231992,0.0,0.12547522665374639,-1.3615702796256073,1.906822207030307,0.08800622454856954,-0.9875301109823043,-0.9875301109823043
1.157876109594317,-1.0694015388578093,-0.7425477165231992,0.0,0.12547522665374639,-1.3615702796256073,1.906822207030307,-0.13736182807260727,-0.9875301109823043,-0.9875301109823043
1.1596081606183923,-1.0694015388578093,-0.7425477165231992,0.0,0.12547522665374639,-1.3615702796256073,1.906822207030307,-0.13736182807260727,-0.9875301109823043,-0.9875301109823043
1.1613402116424676,-1.0694015388578093,-0.7425477165231992,0.0,0.12547522665374639,-1.3615702796256073,1.906822207030307,0.08800622454856954,-0.9875301109823043,-0.9875301109823043
1.1630722626665428,-1.0694015388578093,-0.7425477165231992,0.0,0.12547522665374639,-0.42621637417649616,1.906822207030307,2.604616145485044,-0.8369916418016445,-0.8369916418016445
1.1648043136906183,-1.0694015388578093,-0.7425477165231992,0.0,0.12547522665374639,-0.42621637417649616,1.906822207030307,2.604616145485044,-0.8369916418016445,-0.8369916418016445
1.1665363647146936,-1.0694015388578093,-0.7425477165231992,0.0,0.12547522665374639,-0.42621637417649616,1.906822207030307,2.604616145485044,-0.8369916418016445,-0.8369916418016445
1.1682684157387688,0.9342864839043443,0.7293585095525371,0.0,0.12547522665374639,1.176763326104046,-0.6512349623471219,-0.437852564900843,1.0705779154279094,1.0705779154279094
1.170000466762844,0.9342864839043443,0.7293585095525371,0.0,0.12547522665374639,1.176763326104046,-0.6512349623471219,-0.437852564900843,1.0705779154279094,1.0705779154279094
1.1717325177869193,0.9342864839043443,0.7293585095525371,0.0,0.12547522665374639,1.176763326104046,-0.6512349623471219,-0.437852564900843,1.0705779154279094,1.0705779154279094
1.1734645688109946,0.9342864839043443,0.7293585095525371,0.0,0.12547522665374639,1.176763326104046,-0.6512349623471219,-0.437852564900843,1.0705779154279094,1.0705779154279094
1.1751966198350698,-1.0694015388578093,-0.7425477165231992,0.0,0.12547522665374639,-0.6769996676664752,0.17997253097703012,-0.437852564900843,-0.9718022112171607,-0.9718022112171607
1.176928670859145,-1.0694015388578093,-0.7425477165231992,0.0,0.12547522665374639,-0.6769996676664752,0.17997253097703012,-0.437852564900843,-0.9718022112171607,-0.9718022112171607
1.1786607218832204,-1.0694015388578093,-0.7425477165231992,0.0,0.12547522665374639,-0.6769996676664752,0.17997253097703012,-0.40029122279731355,-0.9246185119217301,-0.9246185119217301
1.1803927729072956,0.9342864839043443,0.7293585095525371,0.0,0.12547522665374639,1.176763326104046,-0.6512349623471219,-0.437852564900843,1.0705779154279094,1.0705779154279094
1.1821248239313709,0.9342864839043443,0.7293585095525371,0.0,0.12547522665374639,1.176763326104046,-0.6512349623471219,-0.437852564900843,1.0705779154279094,1.0705779154279094
1.1838568749554461,0.9342864839043443,0.7293585095525371,0.0,0.12547522665374639,1.176763326104046,-0.6512349623471219,-0.437852564900843,1.0705779154279094,1.0705779154279094
1.1855889259795214,0.9342864839043443,0.7293585095525371,0.0,0.12547522665374639,1.176763326104046,-0.6512349623471219,-0.437852564900843,1.0705779154279094,1.0705779154279094
1.1873209770035966,-1.0694015388578093,-0.7425477165231992,0.0,0.12547522665374639,-0.42621637417649616,1.906822207030307,2.604616145485044,-0.8369916418016445,-0.8369916418016445
1.1890530280276719,-1.0694015388578093,-0.7425477165231992,0.0,0.12547522665374639,-0.42621637417649616,1.906822207030307,2.604616145485044,-0.8369916418016445,-0.8369916418016445
1.1907850790517474,-1.0694015388578093,-0.7425477165231992,0.0,0.12547522665374639,-0.42621637417649616,1.906822207030307,2.604616145485044,-0.8369916418016445,-0.8369916418016445
1.1925171300758226,0.9342864839043443,0.7293585095525371,0.0,0.12547522665374639,1.176763326104046,-0.6512349623471219,-0.437852564900843,1.0705779154279094,1.0705779154279094
1.1942491810998979,0.9342864839043443,0.7293585095525371,0.0,0.12547522665374639,1.176763326104046,-0.6512349623471219,-0.437852564900843,1.0705779154279094,1.0705779154279094
1.1959812321239731,0.9342864839043443,0.7293585095525371,0.0,0.12547522665374639,1.176763326104046,-0.6512349623471219,-0.437852564900843,1.0705779154279094,1.0705779154279094
1.1977132831480484,0.9342864839043443,0.7293585095525371,0.0,0.12547522665374639,1.176763326104046,-0.6512349623471219,-0.437852564900843,1.0705779154279094,1.0705779154279094
1.1994453341721236,0.934023014078866,0.7293585095525371,0.0,0.12547522665374639,-1.4903508897961373,-0.6447914934066246,-0.437852564900843,-0.9718022112171607,-0.9718022112171607
1.2011773851961989,0.934023014078866,0.7293585095525371,0.0,0.12547522665374639,1.176763326104046,-0.6447914934066246,-0.437852564900843,-0.8774348126262994,-0.8774348126262994
1.2029094362202741,-1.0694015388578093,-0.7425477165231992,0.0,0.12547522665374639,-0.6769996676664752,0.17997253097703012,-0.40029122279731355,-0.9223716690981381,-0.9223716690981381
1.2046414872443494,-1.0694015388578093,-0.7425477165231992,0.0,0.12547522665374639,-1.2022889986252152,0.34105925448946267,-0.437852564900843,-0.9718022112171607,-0.9718022112171607
1.2063735382684246,-1.0694015388578093,-0.7425477165231992,0.0,0.12547522665374639,-0.6769996676664752,-0.5803568040016515,-0.437852564900843,-0.9718022112171607,-0.9718022112171607
1.2081055892925,-1.0694015388578093,-0.7425477165231992,0.0,0.12547522665374639,-0.6769996676664752,0.17997253097703012,-0.40029122279731355,-0.9246185119217301,-0.9246185119217301
1.2098376403165751,-1.0694015388578093,-0.7425477165231992,0.0,0.12547522665374639,-0.6769996676664752,0.17997253097703012,-0.40029122279731355,-0.9223716690981381,-0.9223716690981381
1.2115696913406504,-1.0694015388578093,-0.7425477165231992,0.0,0.12547522665374639,-0.6769996676664752,-0.5803568040016515,-0.437852564900843,-0.9718022112171607,-0.9718022112171607
1.2133017423647257,-1.0694015388578093,-0.7425477165231992,0.0,0.12547522665374639,-0.42621637417649616,1.906822207030307,2.604616145485044,-0.8369916418016445,-0.8369916418016445
1.215033793388801,-1.0694015388578093,-0.7425477165231992,0.0,0.12547522665374639,-0.42621637417649616,1.906822207030307,2.604616145485044,-0.8369916418016445,-0.8369916418016445
1.2167658444128764,-1.0694015388578093,-0.7425477165231992,0.0,0.12547522665374639,-0.42621637417649616,1.906822207030307,2.604616145485044,-0.8369916418016445,-0.8369916418016445
1.2184978954369516,0.9342864839043443,0.7293585095525371,0.0,0.12547522665374639,1.176763326104046,-0.6512349623471219,-0.437852564900843,1.0705779154279094,1.0705779154279094
1.220229946461027,0.9342864839043443,0.7293585095525371,0.0,0.12547522665374639,1.176763326104046,-0.6512349623471219,-0.437852564900843,1.0705779154279094,1.0705779154279094
1.2219619974851021,-1.0694015388578093,-0.7425477165231992,0.0,0.12547522665374639,-0.42621637417649616,1.906822207030307,2.604616145485044,-0.8369916418016445,-0.8369916418016445
1.2236940485091774,-1.0694015388578093,-0.7425477165231992,0.0,0.12547522665374639,-0.42621637417649616,1.906822207030307,2.604616145485044,-0.8369916418016445,-0.8369916418016445
1.2254260995332527,-1.0694015388578093,-0.7425477165231992,0.0,0.12547522665374639,-0.42621637417649616,1.906822207030307,2.604616145485044,-0.8369916418016445,-0.8369916418016445
1.227158150557328,0.9375359450852429,0.7293585095525371,0.0,0.12547522665374639,-0.8600036926456492,-0.6512349623471219,-0.437852564900843,1.0705779154279094,1.0705779154279094
1.2288902015814032,0.9370090054342863,0.7293585095525371,0.0,0.12547522665374639,-0.8600036926456492,-0.6512349623471219,-0.437852564900843,1.0705779154279094,1.0705779154279094
1.2306222526054784,0.937799414910721,0.7293585095525371,0.0,0.12547522665374639,-0.8600036926456492,-0.6512349623471219,-0.437852564900843,1.0705779154279094,1.0705779154279094
1.2323543036295537,0.937799414910721,0.7293585095525371,0.0,0.12547522665374639,-0.8600036926456492,0.34105925448946267,-0.437852564900843,1.0705779154279094,1.0705779154279094
1.234086354653629,0.937799414910721,0.7293585095525371,0.0,0.12547522665374639,-0.8600036926456492,0.34105925448946267,-0.437852564900843,1.0705779154279094,1.0705779154279094
1.2358184056777042,0.937799414910721,0.7293585095525371,0.0,0.12547522665374639,-0.8600036926456492,0.34105925448946267,-0.437852564900843,1.0705779154279094,1.0705779154279094
1.2375504567017794,0.9342864839043443,0.7293585095525371,0.0,0.12547522665374639,1.176763326104046,-0.6190176176446354,-0.437852564900843,-0.9718022112171607,-0.9718022112171607
1.2392825077258547,-1.0694015388578093,-0.7425477165231992,0.0,0.12547522665374639,-0.6769996676664752,-0.6190176176446354,-0.437852564900843,-0.9718022112171607,-0.9718022112171607
1.24101455874993,0.9385898243871559,0.7293585095525371,0.0,0.12547522665374639,-0.8600036926456492,-0.6512349623471219,-0.437852564900843,1.0705779154279094,1.0705779154279094
1.2427466097740054,-1.0694015388578093,-0.7425477165231992,0.0,0.12547522665374639,-1.2022889986252152,0.34105925448946267,-0.437852564900843,-0.9718022112171607,-0.9718022112171607
1.2444786607980807,0.9342864839043443,0.7293585095525371,0.0,0.12547522665374639,1.176763326104046,-0.6512349623471219,-0.437852564900843,1.0705779154279094,1.0705779154279094
1.246210711822156,-1.0694015388578093,-0.7425477165231992,0.0,0.12547522665374639,-1.2022889986252152,-0.6190176176446354,-0.437852564900843,-0.9740490540407526,-0.9740490540407526
1.2479427628462312,-1.0694015388578093,-0.7425477165231992,0.0,0.12547522665374639,-1.2022889986252152,-0.6190176176446354,-0.437852564900843,-0.9740490540407526,-0.9740490540407526
1.2496748138703064,-1.0694015388578093,-0.7425477165231992,0.0,0.12547522665374639,-0.6769996676664752,-0.6190176176446354,-0.437852564900843,-0.9740490540407526,-0.9740490540407526
1.2514068648943817,-1.0694015388578093,-0.7425477165231992,0.0,0.12547522665374639,-0.6769996676664752,-0.6190176176446354,-0.437852564900843,-0.9740490540407526,-0.9740490540407526
1.253138915918457,0.9342864839043443,0.7293585095525371,0.0,0.12547522665374639,1.176763326104046,-0.6512349623471219,-0.437852564900843,1.0705779154279094,1.0705779154279094
1.2548709669425322,0.9342864839043443,0.7293585095525371,0.0,0.12547522665374639,1.176763326104046,-0.6512349623471219,-0.437852564900843,1.0705779154279094,1.0705779154279094
1.2566030179666074,-1.0694015388578093,-0.7425477165231992,0.0,-7.969700686491185,-0.42621637417649616,1.906822207030307,0.6514263561015116,-0.9538274686284252,-0.9538274686284252
1.2583350689906827,-1.0694015388578093,-0.7425477165231992,0.0,0.12547522665374639,-0.42621637417649616,1.906822207030307,0.6514263561015116,-0.9538274686284252,-0.9538274686284252
1.260067120014758,-1.0694015388578093,-0.7425477165231992,0.0,0.12547522665374639,-0.42621637417649616,1.906822207030307,0.31337427716974636,-0.9740490540407526,-0.9740490540407526
1.2617991710388332,0.9342864839043443,0.7293585095525371,0.0,0.12547522665374639,-1.4937398532216775,-0.6447914934066246,0.31337427716974636,-0.9740490540407526,-0.9740490540407526
1.2635312220629085,0.9342864839043443,0.7293585095525371,0.0,0.12547522665374639,1.176763326104046,-0.6447914934066246,-0.437852564900843,-0.8774348126262994,-0.8774348126262994
1.2652632730869837,0.9342864839043443,0.7293585095525371,0.0,0.12547522665374639,1.176763326104046,-0.5803568040016515,-0.437852564900843,-0.8774348126262994,-0.8774348126262994
1.266995324111059,0.9342864839043443,0.7293585095525371,0.0,0.12547522665374639,1.176763326104046,-0.6512349623471219,-0.437852564900843,1.0705779154279094,1.0705779154279094
1.2687273751351344,-1.0694015388578093,-0.7425477165231992,0.0,0.12547522665374639,-0.9955622296672595,-0.5803568040016515,-0.437852564900843,-0.9740490540407526,-0.9740490540407526
1.2704594261592097,-1.0694015388578093,-0.7425477165231992,0.0,0.12547522665374639,-0.9955622296672595,-0.5803568040016515,-0.437852564900843,-0.9740490540407526,-0.9740490540407526
1.272191477183285,-1.0694015388578093,-0.7425477165231992,0.0,0.12547522665374639,-0.9955622296672595,-0.5803568040016515,-0.437852564900843,-0.9740490540407526,-0.9740490540407526
1.2739235282073602,-1.0694015388578093,-0.7425477165231992,0.0,0.12547522665374639,-0.9955622296672595,-0.5803568040016515,-0.437852564900843,-0.9740490540407526,-0.9740490540407526
1.2756555792314355,-1.0694015388578093,-0.7425477165231992,0.0,0.12547522665374639,-0.9955622296672595,-0.5803568040016515,-0.437852564900843,-0.9740490540407526,-0.9740490540407526
1.2773876302555107,-1.0694015388578093,-0.7425477165231992,0.0,0.12547522665374639,-0.9955622296672595,-0.5803568040016515,-0.437852564900843,-0.9740490540407526,-0.9740490540407526
1.279119681279586,-1.0694015388578093,-0.7425477165231992,0.0,0.12547522665374639,-0.9955622296672595,-0.5803568040016515,-0.437852564900843,-0.9740490540407526,-0.9740490540407526
1.2808517323036612,-1.0694015388578093,-0.7425477165231992,0.0,0.12547522665374639,-0.9955622296672595,-0.5803568040016515,-0.437852564900843,-0.9740490540407526,-0.9740490540407526
1.2825837833277365,0.9342864839043443,0.7293585095525371,0.0,0.12547522665374639,1.176763326104046,-0.6512349623471219,-0.437852564900843,1.0705779154279094,1.0705779154279094
1.2843158343518117,0.9342864839043443,0.7293585095525371,0.0,0.12547522665374639,1.176763326104046,-0.6512349623471219,-0.437852564900843,1.0705779154279094,1.0705779154279094
1.286047885375887,-1.0694015388578093,-0.7425477165231992,0.0,0.12547522665374639,-1.2022889986252152,-0.5803568040016515,-0.437852564900843,-0.9740490540407526,-0.9740490540407526
1.2877799363999622,0.9342864839043443,0.7293585095525371,0.0,0.12547522665374639,1.176763326104046,-0.6512349623471219,-0.437852564900843,1.0705779154279094,1.0705779154279094
1.2895119874240375,0.9342864839043443,0.7293585095525371,0.0,0.12547522665374639,1.176763326104046,-0.6512349623471219,-0.437852564900843,1.0705779154279094,1.0705779154279094
1.2912440384481128,-1.0694015388578093,-0.7425477165231992,0.0,0.12547522665374639,-0.6769996676664752,0.34105925448946267,-0.437852564900843,-0.9740490540407526,-0.9740490540407526
1.292976089472188,0.9342864839043443,0.7293585095525371,0.0,0.12547522665374639,1.176763326104046,-0.6512349623471219,-0.437852564900843,1.0705779154279094,1.0705779154279094
1.2947081404962635,0.9342864839043443,0.7293585095525371,0.0,0.12547522665374639,1.176763326104046,-0.6512349623471219,-0.437852564900843,1.0705779154279094,1.0705779154279094
1.2964401915203387,0.9342864839043443,0.7293585095525371,0.0,0.12547522665374639,1.176763326104046,-0.6512349623471219,-0.437852564900843,1.0705779154279094,1.0705779154279094
1.298172242544414,0.9342864839043443,0.7293585095525371,0.0,0.12547522665374639,1.176763326104046,-0.6512349623471219,-0.437852564900843,1.0705779154279094,1.0705779154279094
1.2999042935684892,0.9342864839043443,0.7293585095525371,0.0,0.12547522665374639,1.176763326104046,-0.6512349623471219,-0.437852564900843,1.0705779154279094,1.0705779154279094
1.3016363445925645,0.9342864839043443,0.7293585095525371,0.0,0.12547522665374639,1.176763326104046,-0.6512349623471219,-0.437852564900843,1.0705779154279094,1.0705779154279094
1.3033683956166398,0.9342864839043443,0.7293585095525371,0.0,0.12547522665374639,1.176763326104046,-0.6512349623471219,-0.437852564900843,1.0705779154279094,1.0705779154279094
1.305100446640715,0.9342864839043443,0.7293585095525371,0.0,0.12547522665374639,1.176763326104046,-0.6512349623471219,-0.437852564900843,1.0705779154279094,1.0705779154279094
1.3068324976647903,0.9342864839043443,0.7293585095525371,0.0,0.12547522665374639,1.176763326104046,-0.6512349623471219,-0.437852564900843,1.0705779154279094,1.0705779154279094
1.3085645486888655,0.9342864839043443,0.7293585095525371,0.0,0.12547522665374639,1.176763326104046,-0.6512349623471219,-0.437852564900843,1.0705779154279094,1.0705779154279094
1.3102965997129408,0.9342864839043443,0.7293585095525371,0.0,0.12547522665374639,1.176763326104046,-0.6512349623471219,-0.437852564900843,1.0705779154279094,1.0705779154279094
1.312028650737016,0.9342864839043443,0.7293585095525371,0.0,0.12547522665374639,1.176763326104046,-0.6512349623471219,-0.437852564900843,1.0705779154279094,1.0705779154279094
1.3137607017610913,0.9342864839043443,0.7293585095525371,0.0,0.12547522665374639,1.176763326104046,-0.6512349623471219,-0.437852564900843,1.0705779154279094,1.0705779154279094
1.3154927527851665,0.9342864839043443,0.7293585095525371,0.0,0.12547522665374639,1.176763326104046,-0.6512349623471219,-0.437852564900843,1.0705779154279094,1.0705779154279094
1.3172248038092418,-1.0694015388578093,-0.7425477165231992,0.0,0.12547522665374639,-0.6769996676664752,0.17997253097703012,-0.437852564900843,-0.9718022112171607,-0.9718022112171607
1.318956854833317,0.956417949244518,-11.474714372791954,0.0,0.12547522665374639,-1.541185341179241,-0.6512349623471219,-0.28760719648672517,-1.0099985392182236,-1.0099985392182236
1.3206889058573925,-1.0694015388578093,-0.7425477165231992,0.0,0.12547522665374639,-0.6769996676664752,0.17997253097703012,-0.437852564900843,-0.9718022112171607,-0.9718022112171607
1.3224209568814678,0.9342864839043443,0.7293585095525371,0.0,0.12547522665374639,1.176763326104046,-0.6512349623471219,-0.437852564900843,1.0705779154279094,1.0705779154279094
1.324153007905543,-1.0694015388578093,-0.7425477165231992,0.0,0.12547522665374639,-0.6769996676664752,0.17997253097703012,-0.40029122279731355,-0.9246185119217301,-0.9246185119217301
1.3258850589296183,0.9342864839043443,0.7293585095525371,0.0,0.12547522665374639,1.176763326104046,-0.6512349623471219,-0.437852564900843,1.0705779154279094,1.0705779154279094
1.3276171099536935,-1.0694015388578093,-0.7425477165231992,0.0,0.12547522665374639,-0.42621637417649616,1.906822207030307,2.604616145485044,-0.8369916418016445,-0.8369916418016445
1.3293491609777688,-1.0694015388578093,-0.7425477165231992,0.0,0.12547522665374639,-0.42621637417649616,1.906822207030307,2.604616145485044,-0.8369916418016445,-0.8369916418016445
1.331081212001844,-1.0694015388578093,-0.7425477165231992,0.0,0.12547522665374639,-0.42621637417649616,1.906822207030307,2.604616145485044,-0.8369916418016445,-0.8369916418016445
1.3328132630259193,0.9342864839043443,0.7293585095525371,0.0,0.12547522665374639,1.176763326104046,-0.6512349623471219,-0.437852564900843,1.0705779154279094,1.0705779154279094
1.3345453140499945,0.9342864839043443,0.7293585095525371,0.0,0.12547522665374639,1.176763326104046,-0.6512349623471219,-0.437852564900843,1.0705779154279094,1.0705779154279094
1.3362773650740698,0.9342864839043443,0.7293585095525371,0.0,0.12547522665374639,1.176763326104046,-0.6512349623471219,-0.437852564900843,1.0705779154279094,1.0705779154279094
1.338009416098145,0.9342864839043443,0.7293585095525371,0.0,0.12547522665374639,1.176763326104046,-0.6512349623471219,-0.437852564900843,1.0705779154279094,1.0705779154279094
1.3397414671222203,0.9342864839043443,0.7293585095525371,0.0,0.12547522665374639,1.176763326104046,-0.6512349623471219,-0.437852564900843,1.0705779154279094,1.0705779154279094
1.3414735181462956,0.9342864839043443,0.7293585095525371,0.0,0.12547522665374639,1.176763326104046,-0.6512349623471219,-0.437852564900843,1.0705779154279094,1.0705779154279094
1.3432055691703708,-1.0694015388578093,-0.7425477165231992,0.0,0.12547522665374639,-0.42621637417649616,1.906822207030307,2.604616145485044,-0.8369916418016445,-0.8369916418016445
1.344937620194446,-1.0694015388578093,-0.7425477165231992,0.0,0.12547522665374639,-0.42621637417649616,1.906822207030307,2.604616145485044,-0.8369916418016445,-0.8369916418016445
1.3466696712185215,-1.0694015388578093,-0.7425477165231992,0.0,0.12547522665374639,-0.42621637417649616,1.906822207030307,2.604616145485044,-0.8369916418016445,-0.8369916418016445
1.3484017222425968,0.9342864839043443,0.7293585095525371,0.0,0.12547522665374639,1.176763326104046,-0.6512349623471219,-0.437852564900843,1.0705779154279094,1.0705779154279094
1.350133773266672,0.9342864839043443,0.7293585095525371,0.0,0.12547522665374639,1.176763326104046,-0.6512349623471219,-0.437852564900843,1.0705779154279094,1.0705779154279094
1.3518658242907473,0.934023014078866,0.7293585095525371,0.0,0.12547522665374639,-1.4903508897961373,-0.6447914934066246,-0.437852564900843,-0.9718022112171607,-0.9718022112171607
1.3535978753148226,0.934023014078866,0.7293585095525371,0.0,0.12547522665374639,1.176763326104046,-0.6447914934066246,-0.437852564900843,-0.8774348126262994,-0.8774348126262994
1.3553299263388978,-1.0694015388578093,-0.7425477165231992,0.0,0.12547522665374639,-0.6769996676664752,0.17997253097703012,-0.40029122279731355,-0.9223716690981381,-0.9223716690981381
1.357061977362973,-1.0694015388578093,-0.7425477165231992,0.0,0.12547522665374639,-1.2022889986252152,0.34105925448946267,-0.437852564900843,-0.9718022112171607,-0.9718022112171607
1.3587940283870483,-1.0694015388578093,-0.7425477165231992,0.0,0.12547522665374639,-0.6769996676664752,-0.5803568040016515,-0.437852564900843,-0.9718022112171607,-0.9718022112171607
1.3605260794111236,-1.0694015388578093,-0.7425477165231992,0.0,0.12547522665374639,-0.6769996676664752,0.17997253097703012,-0.40029122279731355,-0.9246185119217301,-0.9246185119217301
1.3622581304351988,-1.0694015388578093,-0.7425477165231992,0.0,0.12547522665374639,-0.6769996676664752,0.17997253097703012,-0.40029122279731355,-0.9223716690981381,-0.9223716690981381
1.363990181459274,-1.0694015388578093,-0.7425477165231992,0.0,0.12547522665374639,-0.6769996676664752,-0.5803568040016515,-0.437852564900843,-0.9718022112171607,-0.9718022112171607
1.3657222324833493,0.9342864839043443,0.7293585095525371,0.0,0.12547522665374639,1.176763326104046,-0.6512349623471219,-0.437852564900843,1.0705779154279094,1.0705779154279094
1.3674542835074246,0.9342864839043443,0.7293585095525371,0.0,0.12547522665374639,1.176763326104046,-0.6512349623471219,-0.437852564900843,1.0705779154279094,1.0705779154279094
1.3691863345314998,-1.0694015388578093,-0.7425477165231992,0.0,0.12547522665374639,-0.42621637417649616,1.906822207030307,2.604616145485044,-0.8369916418016445,-0.8369916418016445
1.370918385555575,-1.0694015388578093,-0.7425477165231992,0.0,0.12547522665374639,-0.42621637417649616,1.906822207030307,2.604616145485044,-0.8369916418016445,-0.8369916418016445
1.3726504365796504,-1.0694015388578093,-0.7425477165231992,0.0,0.12547522665374639,-0.42621637417649616,1.906822207030307,2.604616145485044,-0.8369916418016445,-0.8369916418016445
1.3743824876037258,0.9385898243871559,0.7293585095525371,0.0,0.12547522665374639,-0.8600036926456492,-0.6512349623471219,-0.437852564900843,1.0705779154279094,1.0705779154279094
1.376114538627801,0.9385898243871559,0.7293585095525371,0.0,0.12547522665374639,-0.8600036926456492,0.34105925448946267,-0.437852564900843,1.0705779154279094,1.0705779154279094
1.3778465896518763,0.9379750614610399,0.7293585095525371,0.0,0.12547522665374639,-0.8600036926456492,-0.6512349623471219,-0.437852564900843,1.0705779154279094,1.0705779154279094
1.3795786406759516,0.9389411174877935,0.7293585095525371,0.0,0.12547522665374639,-0.8600036926456492,-0.6512349623471219,-0.437852564900843,1.0705779154279094,1.0705779154279094
1.3813106917000268,0.9389411174877935,0.7293585095525371,0.0,0.12547522665374639,-0.8600036926456492,0.34105925448946267,-0.437852564900843,1.0705779154279094,1.0705779154279094
1.383042742724102,0.9389411174877935,0.7293585095525371,0.0,0.12547522665374639,-0.8600036926456492,0.34105925448946267,-0.437852564900843,1.0705779154279094,1.0705779154279094
1.3847747937481774,0.9379750614610399,0.7293585095525371,0.0,0.12547522665374639,-0.8600036926456492,0.34105925448946267,-0.437852564900843,1.0705779154279094,1.0705779154279094
1.3865068447722526,0.9376237683604023,0.7293585095525371,0.0,0.12547522665374639,-0.8600036926456492,-0.6512349623471219,-0.437852564900843,1.0705779154279094,1.0705779154279094
1.3882388957963279,0.9342864839043443,0.7293585095525371,0.0,0.12547522665374639,1.176763326104046,-0.6190176176446354,-0.437852564900843,-0.9718022112171607,-0.9718022112171607
1.3899709468204031,-1.0694015388578093,-0.7425477165231992,0.0,0.12547522665374639,-0.6769996676664752,-0.6190176176446354,-0.437852564900843,-0.9718022112171607,-0.9718022112171607
1.3917029978444784,0.9370090054342863,0.7293585095525371,0.0,0.12547522665374639,-0.8600036926456492,-0.6512349623471219,-0.437852564900843,1.0705779154279094,1.0705779154279094
1.3934350488685536,-1.0694015388578093,-0.7425477165231992,0.0,0.12547522665374639,-1.2022889986252152,0.34105925448946267,-0.437852564900843,-0.9718022112171607,-0.9718022112171607
1.3951670998926289,0.9342864839043443,0.7293585095525371,0.0,0.12547522665374639,1.176763326104046,-0.6512349623471219,-0.437852564900843,1.0705779154279094,1.0705779154279094
1.3968991509167041,-1.0694015388578093,-0.7425477165231992,0.0,0.12547522665374639,-1.2022889986252152,-0.6190176176446354,-0.437852564900843,-0.9740490540407526,-0.9740490540407526
1.3986312019407794,-1.0694015388578093,-0.7425477165231992,0.0,0.12547522665374639,-1.2022889986252152,-0.6190176176446354,-0.437852564900843,-0.9740490540407526,-0.9740490540407526
1.4003632529648549,-1.0694015388578093,-0.7425477165231992,0.0,0.12547522665374639,-0.6769996676664752,-0.6190176176446354,-0.437852564900843,-0.9740490540407526,-0.9740490540407526
1.4020953039889301,-1.0694015388578093,-0.7425477165231992,0.0,0.12547522665374639,-1.3615702796256073,1.906822207030307,0.08800622454856954,-0.9875301109823043,-0.9875301109823043
1.4038273550130054,0.9342864839043443,0.7293585095525371,0.0,0.12547522665374639,1.176763326104046,-0.6512349623471219,-0.437852564900843,1.0705779154279094,1.0705779154279094
1.4055594060370806,-1.0694015388578093,-0.7425477165231992,0.0,0.12547522665374639,-0.6769996676664752,-0.6190176176446354,-0.437852564900843,-0.9740490540407526,-0.9740490540407526
1.4072914570611559,-1.0694015388578093,-0.7425477165231992,0.0,0.12547522665374639,-1.3615702796256073,1.906822207030307,-0.25004585438319565,-0.9875301109823043,-0.9875301109823043
1.4090235080852311,-1.0694015388578093,-0.7425477165231992,0.0,0.12547522665374639,-1.3615702796256073,1.906822207030307,-0.25004585438319565,-0.9875301109823043,-0.9875301109823043
1.4107555591093064,-1.0694015388578093,-0.7425477165231992,0.0,0.12547522665374639,-1.3615702796256073,1.906822207030307,0.08800622454856954,-0.9875301109823043,-0.9875301109823043
1.4124876101333816,-1.0694015388578093,-0.7425477165231992,0.0,-7.969700686491185,-0.42621637417649616,1.906822207030307,0.6514263561015116,-0.9538274686284252,-0.9538274686284252
1.414219661157457,-1.0694015388578093,-0.7425477165231992,0.0,0.12547522665374639,-0.42621637417649616,1.906822207030307,0.6514263561015116,-0.9538274686284252,-0.9538274686284252
1.4159517121815322,-1.0694015388578093,-0.7425477165231992,0.0,0.12547522665374639,-0.42621637417649616,1.906822207030307,-0.13736182807260727,-1.0010111679238558,-1.0010111679238558
1.4176837632056074,0.9342864839043443,0.7293585095525371,0.0,0.12547522665374639,1.176763326104046,-0.6512349623471219,-0.437852564900843,1.0705779154279094,1.0705779154279094
1.4194158142296827,0.9342864839043443,0.7293585095525371,0.0,0.12547522665374639,-1.4937398532216775,-0.6447914934066246,0.31337427716974636,-0.9740490540407526,-0.9740490540407526
1.421147865253758,0.9342864839043443,0.7293585095525371,0.0,0.12547522665374639,1.176763326104046,-0.6447914934066246,-0.437852564900843,-0.8774348126262994,-0.8774348126262994
1.4228799162778332,-1.0694015388578093,-0.7425477165231992,0.0,-7.969700686491185,-0.42621637417649616,1.906822207030307,0.6514263561015116,-0.9538274686284252,-0.9538274686284252
1.4246119673019084,-1.0694015388578093,-0.7425477165231992,0.0,0.12547522665374639,-0.42621637417649616,1.906822207030307,0.6514263561015116,-0.9538274686284252,-0.9538274686284252
1.426344018325984,-1.0694015388578093,-0.7425477165231992,0.0,0.12547522665374639,-0.42621637417649616,1.906822207030307,0.31337427716974636,-0.9740490540407526,-0.9740490540407526
1.4280760693500592,0.9342864839043443,0.7293585095525371,0.0,0.12547522665374639,1.176763326104046,-0.5803568040016515,-0.437852564900843,-0.8774348126262994,-0.8774348126262994
1.4298081203741344,0.9342864839043443,0.7293585095525371,0.0,0.12547522665374639,1.176763326104046,-0.6512349623471219,-0.437852564900843,1.0705779154279094,1.0705779154279094
1.4315401713982097,-1.0694015388578093,-0.7425477165231992,0.0,0.12547522665374639,-0.9955622296672595,-0.5803568040016515,-0.437852564900843,-0.9740490540407526,-0.9740490540407526
1.433272222422285,-1.0694015388578093,-0.7425477165231992,0.0,0.12547522665374639,-0.9955622296672595,-0.5803568040016515,-0.437852564900843,-0.9740490540407526,-0.9740490540407526
1.4350042734463602,-1.0694015388578093,-0.7425477165231992,0.0,0.12547522665374639,-0.9955622296672595,-0.5803568040016515,-0.437852564900843,-0.9740490540407526,-0.9740490540407526
1.4367363244704354,-1.0694015388578093,-0.7425477165231992,0.0,0.12547522665374639,-0.9955622296672595,-0.5803568040016515,-0.437852564900843,-0.9740490540407526,-0.9740490540407526
1.4384683754945107,-1.0694015388578093,-0.7425477165231992,0.0,0.12547522665374639,-0.9955622296672595,-0.5803568040016515,-0.437852564900843,-0.9740490540407526,-0.9740490540407526
1.440200426518586,-1.0694015388578093,-0.7425477165231992,0.0,0.12547522665374639,-0.9955622296672595,-0.5803568040016515,-0.437852564900843,-0.9740490540407526,-0.9740490540407526
1.4419324775426612,-1.0694015388578093,-0.7425477165231992,0.0,0.12547522665374639,-0.9955622296672595,-0.5803568040016515,-0.437852564900843,-0.9740490540407526,-0.9740490540407526
1.4436645285667364,-1.0694015388578093,-0.7425477165231992,0.0,0.12547522665374639,-0.9955622296672595,-0.5803568040016515,-0.437852564900843,-0.9740490540407526,-0.9740490540407526
1.4453965795908117,0.9342864839043443,0.7293585095525371,0.0,0.12547522665374639,1.176763326104046,-0.6512349623471219,-0.437852564900843,1.0705779154279094,1.0705779154279094
1.447128630614887,0.9342864839043443,0.7293585095525371,0.0,0.12547522665374639,1.176763326104046,-0.6512349623471219,-0.437852564900843,1.0705779154279094,1.0705779154279094
1.4488606816389622,-1.0694015388578093,-0.7425477165231992,0.0,0.12547522665374639,-1.2022889986252152,-0.5803568040016515,-0.437852564900843,-0.9740490540407526,-0.9740490540407526
1.4505927326630375,0.9342864839043443,0.7293585095525371,0.0,0.12547522665374639,1.176763326104046,-0.6512349623471219,-0.437852564900843,1.0705779154279094,1.0705779154279094
1.452324783687113,0.9342864839043443,0.7293585095525371,0.0,0.12547522665374639,1.176763326104046,-0.6512349623471219,-0.437852564900843,1.0705779154279094,1.0705779154279094
1.4540568347111882,-1.0694015388578093,-0.7425477165231992,0.0,0.12547522665374639,-0.6769996676664752,0.34105925448946267,-0.437852564900843,-0.9740490540407526,-0.9740490540407526
1.4557888857352634,0.9342864839043443,0.7293585095525371,0.0,0.12547522665374639,1.176763326104046,-0.6512349623471219,-0.437852564900843,1.0705779154279094,1.0705779154279094
1.4575209367593387,0.9342864839043443,0.7293585095525371,0.0,0.12547522665374639,1.176763326104046,-0.6512349623471219,-0.437852564900843,1.0705779154279094,1.0705779154279094
1.459252987783414,0.9342864839043443,0.7293585095525371,0.0,0.12547522665374639,1.176763326104046,-0.6512349623471219,-0.437852564900843,1.0705779154279094,1.0705779154279094
1.4609850388074892,0.9342864839043443,0.7293585095525371,0.0,0.12547522665374639,1.176763326104046,-0.6512349623471219,-0.437852564900843,1.0705779154279094,1.0705779154279094
1.4627170898315645,0.9342864839043443,0.7293585095525371,0.0,0.12547522665374639,1.176763326104046,-0.6512349623471219,-0.437852564900843,1.0705779154279094,1.0705779154279094
1.4644491408556397,0.9342864839043443,0.7293585095525371,0.0,0.12547522665374639,1.176763326104046,-0.6512349623471219,-0.437852564900843,1.0705779154279094,1.0705779154279094
1.466181191879715,0.9342864839043443,0.7293585095525371,0.0,0.12547522665374639,1.176763326104046,-0.6512349623471219,-0.437852564900843,1.0705779154279094,1.0705779154279094
1.4679132429037902,0.9342864839043443,0.7293585095525371,0.0,0.12547522665374639,1.176763326104046,-0.6512349623471219,-0.437852564900843,1.0705779154279094,1.0705779154279094
1.4696452939278655,0.9342864839043443,0.7293585095525371,0.0,0.12547522665374639,1.176763326104046,-0.6512349623471219,-0.437852564900843,1.0705779154279094,1.0705779154279094
1.4713773449519407,0.9342864839043443,0.7293585095525371,0.0,0.12547522665374639,1.176763326104046,-0.6512349623471219,-0.437852564900843,1.0705779154279094,1.0705779154279094
1.473109395976016,0.9342864839043443,0.7293585095525371,0.0,0.12547522665374639,1.176763326104046,-0.6512349623471219,-0.437852564900843,1.0705779154279094,1.0705779154279094
1.4748414470000912,0.9342864839043443,0.7293585095525371,0.0,0.12547522665374639,1.176763326104046,-0.6512349623471219,-0.437852564900843,1.0705779154279094,1.0705779154279094
1.4765734980241665,0.9342864839043443,0.7293585095525371,0.0,0.12547522665374639,1.176763326104046,-0.6512349623471219,-0.437852564900843,1.0705779154279094,1.0705779154279094
1.478305549048242,0.9342864839043443,0.7293585095525371,0.0,0.12547522665374639,1.176763326104046,-0.6512349623471219,-0.437852564900843,1.0705779154279094,1.0705779154279094
1.4800376000723172,-1.0694015388578093,-0.7425477165231992,0.0,0.12547522665374639,-0.42621637417649616,1.906822207030307,2.604616145485044,-0.8369916418016445,-0.8369916418016445
1.4817696510963925,-1.0694015388578093,-0.7425477165231992,0.0,0.12547522665374639,-0.42621637417649616,1.906822207030307,2.604616145485044,-0.8369916418016445,-0.8369916418016445
1.4835017021204677,-1.0694015388578093,-0.7425477165231992,0.0,0.12547522665374639,-0.42621637417649616,1.906822207030307,2.604616145485044,-0.8369916418016445,-0.8369916418016445
1.485233753144543,-1.0694015388578093,-0.7425477165231992,0.0,0.12547522665374639,-0.6769996676664752,0.17997253097703012,-0.437852564900843,-0.9718022112171607,-0.9718022112171607
1.4869658041686182,-1.0694015388578093,-0.7425477165231992,0.0,0.12547522665374639,-0.6769996676664752,0.17997253097703012,-0.437852564900843,-0.9718022112171607,-0.9718022112171607
1.4886978551926935,-1.0694015388578093,-0.7425477165231992,0.0,0.12547522665374639,-0.6769996676664752,0.17997253097703012,-0.40029122279731355,-0.9246185119217301,-0.9246185119217301
1.4904299062167687,0.9342864839043443,0.7293585095525371,0.0,0.12547522665374639,1.176763326104046,-0.6512349623471219,-0.437852564900843,1.0705779154279094,1.0705779154279094
1.492161957240844,0.9342864839043443,0.7293585095525371,0.0,0.12547522665374639,1.176763326104046,-0.6512349623471219,-0.437852564900843,1.0705779154279094,1.0705779154279094
1.4938940082649192,0.9342864839043443,0.7293585095525371,0.0,0.12547522665374639,1.176763326104046,-0.6512349623471219,-0.437852564900843,1.0705779154279094,1.0705779154279094
1.4956260592889945,0.9342864839043443,0.7293585095525371,0.0,0.12547522665374639,1.176763326104046,-0.6512349623471219,-0.437852564900843,1.0705779154279094,1.0705779154279094
1.4973581103130698,0.9342864839043443,0.7293585095525371,0.0,0.12547522665374639,1.176763326104046,-0.6512349623471219,-0.437852564900843,1.0705779154279094,1.0705779154279094
1.499090161337145,0.9342864839043443,0.7293585095525371,0.0,0.12547522665374639,1.176763326104046,-0.6512349623471219,-0.437852564900843,1.0705779154279094,1.0705779154279094
1.5008222123612203,-1.0694015388578093,-0.7425477165231992,0.0,0.12547522665374639,-0.42621637417649616,1.906822207030307,2.604616145485044,-0.8369916418016445,-0.8369916418016445
1.5025542633852955,-1.0694015388578093,-0.7425477165231992,0.0,0.12547522665374639,-0.42621637417649616,1.906822207030307,2.604616145485044,-0.8369916418016445,-0.8369916418016445
1.504286314409371,-1.0694015388578093,-0.7425477165231992,0.0,0.12547522665374639,-0.42621637417649616,1.906822207030307,2.604616145485044,-0.8369916418016445,-0.8369916418016445
1.5060183654334462,0.9342864839043443,0.7293585095525371,0.0,0.12547522665374639,1.176763326104046,-0.6512349623471219,-0.437852564900843,1.0705779154279094,1.0705779154279094
1.5077504164575215,0.9342864839043443,0.7293585095525371,0.0,0.12547522665374639,1.176763326104046,-0.6512349623471219,-0.437852564900843,1.0705779154279094,1.0705779154279094
1.5094824674815968,0.9342864839043443,0.7293585095525371,0.0,0.12547522665374639,1.176763326104046,-0.6512349623471219,-0.437852564900843,1.0705779154279094,1.0705779154279094
1.511214518505672,0.9342864839043443,0.7293585095525371,0.0,0.12547522665374639,1.176763326104046,-0.6512349623471219,-0.437852564900843,1.0705779154279094,1.0705779154279094
1.5129465695297473,0.934023014078866,0.7293585095525371,0.0,0.12547522665374639,-1.4903508897961373,-0.6447914934066246,-0.437852564900843,-0.9718022112171607,-0.9718022112171607
1.5146786205538225,0.934023014078866,0.7293585095525371,0.0,0.12547522665374639,1.176763326104046,-0.6447914934066246,-0.437852564900843,-0.8774348126262994,-0.8774348126262994
1.5164106715778978,-1.0694015388578093,-0.7425477165231992,0.0,0.12547522665374639,-0.6769996676664752,0.17997253097703012,-0.40029122279731355,-0.9223716690981381,-0.9223716690981381
1.518142722601973,-1.0694015388578093,-0.7425477165231992,0.0,0.12547522665374639,-1.2022889986252152,0.34105925448946267,-0.437852564900843,-0.9718022112171607,-0.9718022112171607
1.5198747736260483,-1.0694015388578093,-0.7425477165231992,0.0,0.12547522665374639,-0.6769996676664752,-0.5803568040016515,-0.437852564900843,-0.9718022112171607,-0.9718022112171607
1.5216068246501235,-1.0694015388578093,-0.7425477165231992,0.0,0.12547522665374639,-0.6769996676664752,0.17997253097703012,-0.40029122279731355,-0.9246185119217301,-0.9246185119217301
1.5233388756741988,-1.0694015388578093,-0.7425477165231992,0.0,0.12547522665374639,-0.6769996676664752,0.17997253097703012,-0.40029122279731355,-0.9223716690981381,-0.9223716690981381
1.525070926698274,-1.0694015388578093,-0.7425477165231992,0.0,0.12547522665374639,-0.6769996676664752,-0.5803568040016515,-0.437852564900843,-0.9718022112171607,-0.9718022112171607
1.5268029777223493,0.9342864839043443,0.7293585095525371,0.0,0.12547522665374639,1.176763326104046,-0.6512349623471219,-0.437852564900843,1.0705779154279094,1.0705779154279094
1.5285350287464246,0.9342864839043443,0.7293585095525371,0.0,0.12547522665374639,1.176763326104046,-0.6512349623471219,-0.437852564900843,1.0705779154279094,1.0705779154279094
1.5302670797705,-1.0694015388578093,-0.7425477165231992,0.0,0.12547522665374639,-0.42621637417649616,1.906822207030307,2.604616145485044,-0.8369916418016445,-0.8369916418016445
1.5319991307945753,-1.0694015388578093,-0.7425477165231992,0.0,0.12547522665374639,-0.42621637417649616,1.906822207030307,2.604616145485044,-0.8369916418016445,-0.8369916418016445
1.5337311818186505,-1.0694015388578093,-0.7425477165231992,0.0,0.12547522665374639,-0.42621637417649616,1.906822207030307,2.604616145485044,-0.8369916418016445,-0.8369916418016445
1.5354632328427258,0.9387654709374746,0.7293585095525371,0.0,0.12547522665374639,-0.8600036926456492,-0.6512349623471219,-0.437852564900843,1.0705779154279094,1.0705779154279094
1.537195283866801,0.9387654709374746,0.7293585095525371,0.0,0.12547522665374639,-0.8600036926456492,0.34105925448946267,-0.437852564900843,1.0705779154279094,1.0705779154279094
1.5389273348908763,0.9368333588839675,0.7293585095525371,0.0,0.12547522665374639,-0.8600036926456492,-0.6512349623471219,-0.437852564900843,1.0705779154279094,1.0705779154279094
1.5406593859149516,0.9381507080113588,0.7293585095525371,0.0,0.12547522665374639,-0.8600036926456492,-0.6512349623471219,-0.437852564900843,1.0705779154279094,1.0705779154279094
1.5423914369390268,0.9381507080113588,0.7293585095525371,0.0,0.12547522665374639,-0.8600036926456492,0.34105925448946267,-0.437852564900843,1.0705779154279094,1.0705779154279094
1.544123487963102,0.9370968287094458,0.7293585095525371,0.0,0.12547522665374639,-0.8600036926456492,-0.6512349623471219,-0.437852564900843,1.0705779154279094,1.0705779154279094
1.5458555389871773,0.938414177836837,0.7293585095525371,0.0,0.12547522665374639,-0.8600036926456492,-0.6512349623471219,-0.437852564900843,1.0705779154279094,1.0705779154279094
1.5475875900112526,-1.0694015388578093,-0.7425477165231992,0.0,0.12547522665374639,-0.42621637417649616,1.906822207030307,2.604616145485044,-0.8369916418016445,-0.8369916418016445
1.5493196410353278,-1.0694015388578093,-0.7425477165231992,0.0,0.12547522665374639,-0.42621637417649616,1.906822207030307,2.604616145485044,-0.8369916418016445,-0.8369916418016445
1.551051692059403,0.9342864839043443,0.7293585095525371,0.0,0.12547522665374639,1.176763326104046,-0.6190176176446354,-0.437852564900843,-0.9718022112171607,-0.9718022112171607
1.5527837430834783,-1.0694015388578093,-0.7425477165231992,0.0,0.12547522665374639,-0.6769996676664752,-0.6190176176446354,-0.437852564900843,-0.9718022112171607,-0.9718022112171607
1.5545157941075536,-1.0694015388578093,-0.7425477165231992,0.0,0.12547522665374639,-0.42621637417649616,1.906822207030307,2.604616145485044,-0.8369916418016445,-0.8369916418016445
1.556247845131629,0.937799414910721,0.7293585095525371,0.0,0.12547522665374639,-0.8600036926456492,-0.6512349623471219,-0.437852564900843,1.0705779154279094,1.0705779154279094
1.5579798961557043,-1.0694015388578093,-0.7425477165231992,0.0,0.12547522665374639,-1.2022889986252152,0.34105925448946267,-0.437852564900843,-0.9718022112171607,-0.9718022112171607
1.5597119471797796,0.9342864839043443,0.7293585095525371,0.0,0.12547522665374639,1.176763326104046,-0.6512349623471219,-0.437852564900843,1.0705779154279094,1.0705779154279094
1.5614439982038548,-1.0694015388578093,-0.7425477165231992,0.0,0.12547522665374639,-1.2022889986252152,-0.6190176176446354,-0.437852564900843,-0.9740490540407526,-0.9740490540407526
1.56317604922793,-1.0694015388578093,-0.7425477165231992,0.0,0.12547522665374639,-1.2022889986252152,-0.6190176176446354,-0.437852564900843,-0.9740490540407526,-0.9740490540407526
1.5649081002520053,-1.0694015388578093,-0.7425477165231992,0.0,0.12547522665374639,-0.6769996676664752,-0.6190176176446354,-0.437852564900843,-0.9740490540407526,-0.9740490540407526
1.5666401512760806,0.9342864839043443,0.7293585095525371,0.0,0.12547522665374639,1.176763326104046,-0.6512349623471219,-0.437852564900843,1.0705779154279094,1.0705779154279094
1.5683722023001558,-1.0694015388578093,-0.7425477165231992,0.0,0.12547522665374639,-0.6769996676664752,-0.6190176176446354,-0.437852564900843,-0.9740490540407526,-0.9740490540407526
1.570104253324231,0.9342864839043443,0.7293585095525371,0.0,0.12547522665374639,1.176763326104046,-0.6512349623471219,-0.437852564900843,1.0705779154279094,1.0705779154279094
1.5718363043483063,0.9342864839043443,0.7293585095525371,0.0,0.12547522665374639,-1.4937398532216775,-0.6447914934066246,0.31337427716974636,-0.9740490540407526,-0.9740490540407526
1.5735683553723816,0.9342864839043443,0.7293585095525371,0.0,0.12547522665374639,1.176763326104046,-0.6447914934066246,-0.437852564900843,-0.8774348126262994,-0.8774348126262994
1.5753004063964569,-1.0694015388578093,-0.7425477165231992,0.0,-7.969700686491185,-0.42621637417649616,1.906822207030307,0.6514263561015116,-0.9538274686284252,-0.9538274686284252
1.577032457420532,-1.0694015388578093,-0.7425477165231992,0.0,0.12547522665374639,-0.42621637417649616,1.906822207030307,0.6514263561015116,-0.9538274686284252,-0.9538274686284252
1.5787645084446074,-1.0694015388578093,-0.7425477165231992,0.0,0.12547522665374639,-0.42621637417649616,1.906822207030307,-0.13736182807260727,-1.0010111679238558,-1.0010111679238558
1.5804965594686826,-1.0694015388578093,-0.7425477165231992,0.0,-7.969700686491185,-0.42621637417649616,1.906822207030307,0.6514263561015116,-0.9538274686284252,-0.9538274686284252
1.582228610492758,-1.0694015388578093,-0.7425477165231992,0.0,0.12547522665374639,-0.42621637417649616,1.906822207030307,0.6514263561015116,-0.9538274686284252,-0.9538274686284252
1.5839606615168333,-1.0694015388578093,-0.7425477165231992,0.0,0.12547522665374639,-0.42621637417649616,1.906822207030307,0.31337427716974636,-0.9740490540407526,-0.9740490540407526
1.5856927125409086,0.9342864839043443,0.7293585095525371,0.0,0.12547522665374639,1.176763326104046,-0.5803568040016515,-0.437852564900843,-0.8774348126262994,-0.8774348126262994
1.5874247635649839,0.9342864839043443,0.7293585095525371,0.0,0.12547522665374639,1.176763326104046,-0.6512349623471219,-0.437852564900843,1.0705779154279094,1.0705779154279094
1.589156814589059,-1.0694015388578093,-0.7425477165231992,0.0,0.12547522665374639,-0.9955622296672595,-0.5803568040016515,-0.437852564900843,-0.9740490540407526,-0.9740490540407526
1.5908888656131344,-1.0694015388578093,-0.7425477165231992,0.0,0.12547522665374639,-0.9955622296672595,-0.5803568040016515,-0.437852564900843,-0.9740490540407526,-0.9740490540407526
1.5926209166372096,-1.0694015388578093,-0.7425477165231992,0.0,0.12547522665374639,-0.9955622296672595,-0.5803568040016515,-0.437852564900843,-0.9740490540407526,-0.9740490540407526
1.5943529676612849,-1.0694015388578093,-0.7425477165231992,0.0,0.12547522665374639,-0.9955622296672595,-0.5803568040016515,-0.437852564900843,-0.9740490540407526,-0.9740490540407526
1.5960850186853601,-1.0694015388578093,-0.7425477165231992,0.0,0.12547522665374639,-0.9955622296672595,-0.5803568040016515,-0.437852564900843,-0.9740490540407526,-0.9740490540407526
1.5978170697094354,-1.0694015388578093,-0.7425477165231992,0.0,0.12547522665374639,-0.9955622296672595,-0.5803568040016515,-0.437852564900843,-0.9740490540407526,-0.9740490540407526
1.5995491207335106,-1.0694015388578093,-0.7425477165231992,0.0,0.12547522665374639,-0.9955622296672595,-0.5803568040016515,-0.437852564900843,-0.9740490540407526,-0.9740490540407526
1.6012811717575859,-1.0694015388578093,-0.7425477165231992,0.0,0.12547522665374639,-0.9955622296672595,-0.5803568040016515,-0.437852564900843,-0.9740490540407526,-0.9740490540407526
1.6030132227816611,0.9342864839043443,0.7293585095525371,0.0,0.12547522665374639,1.176763326104046,-0.6512349623471219,-0.437852564900843,1.0705779154279094,1.0705779154279094
1.6047452738057364,0.9342864839043443,0.7293585095525371,0.0,0.12547522665374639,1.176763326104046,-0.6512349623471219,-0.437852564900843,1.0705779154279094,1.0705779154279094
1.6064773248298116,-1.0694015388578093,-0.7425477165231992,0.0,0.12547522665374639,-1.2022889986252152,-0.5803568040016515,-0.437852564900843,-0.9740490540407526,-0.9740490540407526
1.6082093758538871,0.9342864839043443,0.7293585095525371,0.0,0.12547522665374639,1.176763326104046,-0.6512349623471219,-0.437852564900843,1.0705779154279094,1.0705779154279094
1.6099414268779624,0.9342864839043443,0.7293585095525371,0.0,0.12547522665374639,1.176763326104046,-0.6512349623471219,-0.437852564900843,1.0705779154279094,1.0705779154279094
1.6116734779020376,-1.0694015388578093,-0.7425477165231992,0.0,0.12547522665374639,-0.6769996676664752,0.34105925448946267,-0.437852564900843,-0.9740490540407526,-0.9740490540407526
1.6134055289261129,0.9342864839043443,0.7293585095525371,0.0,0.12547522665374639,1.176763326104046,-0.6512349623471219,-0.437852564900843,1.0705779154279094,1.0705779154279094
1.6151375799501881,0.9342864839043443,0.7293585095525371,0.0,0.12547522665374639,1.176763326104046,-0.6512349623471219,-0.437852564900843,1.0705779154279094,1.0705779154279094
1.6168696309742634,0.9342864839043443,0.7293585095525371,0.0,0.12547522665374639,1.176763326104046,-0.6512349623471219,-0.437852564900843,1.0705779154279094,1.0705779154279094
1.6186016819983386,0.9342864839043443,0.7293585095525371,0.0,0.12547522665374639,1.176763326104046,-0.6512349623471219,-0.437852564900843,1.0705779154279094,1.0705779154279094
1.620333733022414,-1.0694015388578093,-0.7425477165231992,0.0,0.12547522665374639,-1.3615702796256073,1.906822207030307,0.08800622454856954,-0.9875301109823043,-0.9875301109823043
1.6220657840464892,0.9342864839043443,0.7293585095525371,0.0,0.12547522665374639,1.176763326104046,-0.6512349623471219,-0.437852564900843,1.0705779154279094,1.0705779154279094
1.6237978350705644,0.9342864839043443,0.7293585095525371,0.0,0.12547522665374639,1.176763326104046,-0.6512349623471219,-0.437852564900843,1.0705779154279094,1.0705779154279094
1.6255298860946397,-1.0694015388578093,-0.7425477165231992,0.0,0.12547522665374639,-1.3615702796256073,1.906822207030307,-0.13736182807260727,-0.9875301109823043,-0.9875301109823043
1.627261937118715,-1.0694015388578093,-0.7425477165231992,0.0,0.12547522665374639,-1.3615702796256073,1.906822207030307,-0.13736182807260727,-0.9875301109823043,-0.9875301109823043
1.6289939881427902,-1.0694015388578093,-0.7425477165231992,0.0,0.12547522665374639,-1.3615702796256073,1.906822207030307,0.08800622454856954,-0.9875301109823043,-0.9875301109823043
1.6307260391668654,0.9342864839043443,0.7293585095525371,0.0,0.12547522665374639,1.176763326104046,-0.6512349623471219,-0.437852564900843,1.0705779154279094,1.0705779154279094
1.6324580901909407,0.9342864839043443,0.7293585095525371,0.0,0.12547522665374639,1.176763326104046,-0.6512349623471219,-0.437852564900843,1.0705779154279094,1.0705779154279094
1.634190141215016,0.9342864839043443,0.7293585095525371,0.0,0.12547522665374639,1.176763326104046,-0.6512349623471219,-0.437852564900843,1.0705779154279094,1.0705779154279094
1.6359221922390914,0.9342864839043443,0.7293585095525371,0.0,0.12547522665374639,1.176763326104046,-0.6512349623471219,-0.437852564900843,1.0705779154279094,1.0705779154279094
1.6376542432631667,0.9342864839043443,0.7293585095525371,0.0,0.12547522665374639,1.176763326104046,-0.6512349623471219,-0.437852564900843,1.0705779154279094,1.0705779154279094
1.639386294287242,0.9342864839043443,0.7293585095525371,0.0,0.12547522665374639,1.176763326104046,-0.6512349623471219,-0.437852564900843,1.0705779154279094,1.0705779154279094
1.6411183453113172,-1.0694015388578093,-0.7425477165231992,0.0,0.12547522665374639,-0.42621637417649616,1.906822207030307,2.604616145485044,-0.8369916418016445,-0.8369916418016445
1.6428503963353924,-1.0694015388578093,-0.7425477165231992,0.0,0.12547522665374639,-0.42621637417649616,1.906822207030307,2.604616145485044,-0.8369916418016445,-0.8369916418016445
1.6445824473594677,-1.0694015388578093,-0.7425477165231992,0.0,0.12547522665374639,-0.42621637417649616,1.906822207030307,2.604616145485044,-0.8369916418016445,-0.8369916418016445
1.646314498383543,0.9342864839043443,0.7293585095525371,0.0,0.12547522665374639,1.176763326104046,-0.6512349623471219,-0.437852564900843,1.0705779154279094,1.0705779154279094
1.6480465494076182,0.9342864839043443,0.7293585095525371,0.0,0.12547522665374639,1.176763326104046,-0.6512349623471219,-0.437852564900843,1.0705779154279094,1.0705779154279094
1.6497786004316934,0.9342864839043443,0.7293585095525371,0.0,0.12547522665374639,1.176763326104046,-0.6512349623471219,-0.437852564900843,1.0705779154279094,1.0705779154279094
1.6515106514557687,-1.0694015388578093,-0.7425477165231992,0.0,0.12547522665374639,-0.6769996676664752,0.17997253097703012,-0.437852564900843,-0.9718022112171607,-0.9718022112171607
1.653242702479844,-1.0694015388578093,-0.7425477165231992,0.0,0.12547522665374639,-0.6769996676664752,0.17997253097703012,-0.437852564900843,-0.9718022112171607,-0.9718022112171607
1.6549747535039192,0.9342864839043443,0.7293585095525371,0.0,0.12547522665374639,1.176763326104046,-0.6512349623471219,-0.437852564900843,1.0705779154279094,1.0705779154279094
1.6567068045279945,-1.0694015388578093,-0.7425477165231992,0.0,0.12547522665374639,-0.6769996676664752,0.17997253097703012,-0.40029122279731355,-0.9246185119217301,-0.9246185119217301
1.6584388555520697,0.9342864839043443,0.7293585095525371,0.0,0.12547522665374639,1.176763326104046,-0.6512349623471219,-0.437852564900843,1.0705779154279094,1.0705779154279094
1.660170906576145,0.9342864839043443,0.7293585095525371,0.0,0.12547522665374639,1.176763326104046,-0.6512349623471219,-0.437852564900843,1.0705779154279094,1.0705779154279094
1.6619029576002204,-1.0694015388578093,-0.7425477165231992,0.0,0.12547522665374639,-0.42621637417649616,1.906822207030307,2.604616145485044,-0.8369916418016445,-0.8369916418016445
1.6636350086242957,-1.0694015388578093,-0.7425477165231992,0.0,0.12547522665374639,-0.42621637417649616,1.906822207030307,2.604616145485044,-0.8369916418016445,-0.8369916418016445
1.665367059648371,-1.0694015388578093,-0.7425477165231992,0.0,0.12547522665374639,-0.42621637417649616,1.906822207030307,2.604616145485044,-0.8369916418016445,-0.8369916418016445
1.6670991106724462,0.9342864839043443,0.7293585095525371,0.0,0.12547522665374639,1.176763326104046,-0.6512349623471219,-0.437852564900843,1.0705779154279094,1.0705779154279094
1.6688311616965215,0.9342864839043443,0.7293585095525371,0.0,0.12547522665374639,1.176763326104046,-0.6512349623471219,-0.437852564900843,1.0705779154279094,1.0705779154279094
1.6705632127205967,0.9342864839043443,0.7293585095525371,0.0,0.12547522665374639,1.176763326104046,-0.6512349623471219,-0.437852564900843,1.0705779154279094,1.0705779154279094
1.672295263744672,0.9342864839043443,0.7293585095525371,0.0,0.12547522665374639,1.176763326104046,-0.6512349623471219,-0.437852564900843,1.0705779154279094,1.0705779154279094
1.6740273147687472,0.934023014078866,0.7293585095525371,0.0,0.12547522665374639,-1.4903508897961373,-0.6447914934066246,-0.437852564900843,-0.9718022112171607,-0.9718022112171607
1.6757593657928225,0.934023014078866,0.7293585095525371,0.0,0.12547522665374639,1.176763326104046,-0.6447914934066246,-0.437852564900843,-0.8774348126262994,-0.8774348126262994
1.6774914168168977,-1.0694015388578093,-0.7425477165231992,0.0,0.12547522665374639,-0.6769996676664752,0.17997253097703012,-0.40029122279731355,-0.9223716690981381,-0.9223716690981381
1.679223467840973,-1.0694015388578093,-0.7425477165231992,0.0,0.12547522665374639,-1.2022889986252152,0.34105925448946267,-0.437852564900843,-0.9718022112171607,-0.9718022112171607
1.6809555188650482,-1.0694015388578093,-0.7425477165231992,0.0,0.12547522665374639,-0.6769996676664752,-0.5803568040016515,-0.437852564900843,-0.9718022112171607,-0.9718022112171607
1.6826875698891235,-1.0694015388578093,-0.7425477165231992,0.0,0.12547522665374639,-0.6769996676664752,0.17997253097703012,-0.40029122279731355,-0.9246185119217301,-0.9246185119217301
1.6844196209131987,-1.0694015388578093,-0.7425477165231992,0.0,0.12547522665374639,-0.6769996676664752,0.17997253097703012,-0.40029122279731355,-0.9223716690981381,-0.9223716690981381
1.686151671937274,-1.0694015388578093,-0.7425477165231992,0.0,0.12547522665374639,-0.6769996676664752,-0.5803568040016515,-0.437852564900843,-0.9718022112171607,-0.9718022112171607
1.6878837229613495,0.9342864839043443,0.7293585095525371,0.0,0.12547522665374639,1.176763326104046,-0.6512349623471219,-0.437852564900843,1.0705779154279094,1.0705779154279094
1.6896157739854247,0.9342864839043443,0.7293585095525371,0.0,0.12547522665374639,1.176763326104046,-0.6512349623471219,-0.437852564900843,1.0705779154279094,1.0705779154279094
1.6913478250095,-1.0694015388578093,-0.7425477165231992,0.0,0.12547522665374639,-0.42621637417649616,1.906822207030307,2.604616145485044,-0.8369916418016445,-0.8369916418016445
1.6930798760335752,-1.0694015388578093,-0.7425477165231992,0.0,0.12547522665374639,-0.42621637417649616,1.906822207030307,2.604616145485044,-0.8369916418016445,-0.8369916418016445
1.6948119270576505,-1.0694015388578093,-0.7425477165231992,0.0,0.12547522665374639,-0.42621637417649616,1.906822207030307,2.604616145485044,-0.8369916418016445,-0.8369916418016445
1.6965439780817257,0.9342864839043443,0.7293585095525371,0.0,0.12547522665374639,1.176763326104046,-0.6512349623471219,-0.437852564900843,1.0705779154279094,1.0705779154279094
1.698276029105801,0.9342864839043443,0.7293585095525371,0.0,0.12547522665374639,1.176763326104046,-0.6512349623471219,-0.437852564900843,1.0705779154279094,1.0705779154279094
1.7000080801298763,-1.0694015388578093,-0.7425477165231992,0.0,0.12547522665374639,-0.42621637417649616,1.906822207030307,2.604616145485044,-0.8369916418016445,-0.8369916418016445
1.7017401311539515,-1.0694015388578093,-0.7425477165231992,0.0,0.12547522665374639,-0.42621637417649616,1.906822207030307,2.604616145485044,-0.8369916418016445,-0.8369916418016445
1.7034721821780268,0.9370090054342863,0.7293585095525371,0.0,0.12547522665374639,-0.8600036926456492,-0.6512349623471219,-0.437852564900843,1.0705779154279094,1.0705779154279094
1.705204233202102,0.9370090054342863,0.7293585095525371,0.0,0.12547522665374639,-0.8600036926456492,0.34105925448946267,-0.437852564900843,1.0705779154279094,1.0705779154279094
1.7069362842261773,-1.0694015388578093,-0.7425477165231992,0.0,0.12547522665374639,-0.42621637417649616,1.906822207030307,2.604616145485044,-0.8369916418016445,-0.8369916418016445
1.7086683352502525,0.9381507080113588,0.7293585095525371,0.0,0.12547522665374639,-0.8600036926456492,-0.6512349623471219,-0.437852564900843,1.0705779154279094,1.0705779154279094
1.7104003862743278,0.937799414910721,0.7293585095525371,0.0,0.12547522665374639,-0.8600036926456492,-0.6512349623471219,-0.437852564900843,1.0705779154279094,1.0705779154279094
1.712132437298403,0.9385898243871559,0.7293585095525371,0.0,0.12547522665374639,-0.8600036926456492,-0.6512349623471219,-0.437852564900843,1.0705779154279094,1.0705779154279094
1.7138644883224785,0.9385898243871559,0.7293585095525371,0.0,0.12547522665374639,-0.8600036926456492,0.34105925448946267,-0.437852564900843,1.0705779154279094,1.0705779154279094
1.7155965393465538,0.936745535608808,0.7293585095525371,0.0,0.12547522665374639,-0.8600036926456492,-0.6512349623471219,-0.437852564900843,1.0705779154279094,1.0705779154279094
1.717328590370629,0.9375359450852429,0.7293585095525371,0.0,0.12547522665374639,-0.8600036926456492,-0.6512349623471219,-0.437852564900843,1.0705779154279094,1.0705779154279094
1.7190606413947043,0.9385898243871559,0.7293585095525371,0.0,0.12547522665374639,-0.8600036926456492,0.34105925448946267,-0.437852564900843,1.0705779154279094,1.0705779154279094
1.7207926924187795,0.938414177836837,0.7293585095525371,0.0,0.12547522665374639,-0.8600036926456492,-0.6512349623471219,-0.437852564900843,1.0705779154279094,1.0705779154279094
1.7225247434428548,0.9385898243871559,0.7293585095525371,0.0,0.12547522665374639,-0.8600036926456492,0.34105925448946267,-0.437852564900843,1.0705779154279094,1.0705779154279094
1.72425679446693,0.9342864839043443,0.7293585095525371,0.0,0.12547522665374639,1.176763326104046,-0.6447914934066246,-0.437852564900843,-0.9718022112171607,-0.9718022112171607
1.7259888454910053,-1.0694015388578093,-0.7425477165231992,0.0,0.12547522665374639,-0.6769996676664752,-0.6447914934066246,-0.437852564900843,-0.9718022112171607,-0.9718022112171607
1.7277208965150805,0.9389411174877935,0.7293585095525371,0.0,0.12547522665374639,-0.8600036926456492,-0.6512349623471219,-0.437852564900843,1.0705779154279094,1.0705779154279094
1.7294529475391558,-1.0694015388578093,-0.7425477165231992,0.0,0.12547522665374639,-1.2022889986252152,0.34105925448946267,-0.437852564900843,-0.9718022112171607,-0.9718022112171607
1.731184998563231,0.9342864839043443,0.7293585095525371,0.0,0.12547522665374639,1.176763326104046,-0.6512349623471219,-0.437852564900843,1.0705779154279094,1.0705779154279094
